,NCBI Taxon ID,CE_clathrin,CE_receptor,CE_glycoproteins,other
0,3052419,0.0,1.0,0.0,0.0
1,38170,1.0,0.0,0.0,0.0
2,3052449,0.0,1.0,0.0,0.0
3,2843617,0.0,0.0,1.0,0.0
4,2843618,0.0,0.0,1.0,0.0
5,3052438,0.0,1.0,0.0,0.0
6,2956058,0.0,1.0,0.0,0.0
7,3060464,0.0,1.0,0.0,0.0
8,2748241,0.0,1.0,0.0,0.0
9,3052372,0.0,1.0,0.0,0.0
10,3060467,0.0,1.0,0.0,0.0
11,3052593,0.0,0.0,1.0,0.0
12,1940570,1.0,0.0,0.0,0.0
13,1530251,0.0,1.0,0.0,0.0
14,2734536,0.0,1.0,0.0,0.0
15,2734537,0.0,1.0,0.0,0.0
16,1983771,0.0,1.0,0.0,0.0
17,1932006,0.0,0.0,0.0,0.0
18,889389,0.0,1.0,0.0,0.0
19,2844787,0.0,1.0,0.0,0.0
20,2734577,0.0,0.0,1.0,0.0
21,3050286,0.0,0.0,1.0,0.0
22,3050288,0.0,0.0,1.0,0.0
23,3052106,1.0,0.0,0.0,0.0
24,2734535,0.0,1.0,0.0,0.0
25,3052108,1.0,0.0,0.0,0.0
26,2734519,0.0,1.0,0.0,0.0
27,2094282,0.0,0.0,1.0,0.0
28,3052107,1.0,0.0,0.0,0.0
29,1399967,1.0,0.0,0.0,0.0
30,2575832,0.0,1.0,0.0,0.0
31,2844807,0.0,1.0,0.0,0.0
32,2845977,0.0,0.0,1.0,0.0
33,2613793,0.0,0.0,1.0,0.0
34,2845976,0.0,0.0,1.0,0.0
35,2845026,0.0,0.0,1.0,0.0
36,3052109,1.0,0.0,0.0,0.0
37,3052110,1.0,0.0,0.0,0.0
38,3052112,1.0,0.0,0.0,0.0
39,2845875,0.0,0.0,0.0,0.0
40,2844632,0.0,1.0,0.0,0.0
41,2844630,0.0,1.0,0.0,0.0
42,2844572,0.0,1.0,0.0,0.0
43,2844628,0.0,1.0,0.0,0.0
44,2844570,0.0,1.0,0.0,0.0
45,2844631,0.0,1.0,0.0,0.0
46,2844571,0.0,1.0,0.0,0.0
47,2845885,0.0,0.0,0.0,0.0
48,2845887,0.0,0.0,0.0,0.0
49,2845889,0.0,0.0,0.0,0.0
50,2845890,0.0,0.0,0.0,0.0
51,2845886,0.0,0.0,0.0,0.0
52,2845888,0.0,0.0,0.0,0.0
53,2202565,0.0,1.0,0.0,0.0
54,2715094,0.0,0.0,0.0,0.0
55,1678143,1.0,0.0,0.0,0.0
56,2956231,0.0,0.0,1.0,0.0
57,2955388,,,,
58,2956213,0.0,1.0,0.0,0.0
59,2956485,0.0,0.0,1.0,0.0
60,2956483,0.0,0.0,1.0,0.0
61,2956478,0.0,0.0,1.0,0.0
62,2956482,0.0,0.0,1.0,0.0
63,2604840,0.0,0.0,1.0,0.0
64,2137544,1.0,0.0,0.0,0.0
65,3060048,0.0,0.0,1.0,0.0
66,2604334,1.0,0.0,0.0,0.0
67,1511894,1.0,0.0,0.0,0.0
68,3059860,1.0,0.0,0.0,0.0
69,3059857,1.0,0.0,0.0,0.0
70,3059858,1.0,0.0,0.0,0.0
71,3059859,1.0,0.0,0.0,0.0
72,3059872,1.0,0.0,0.0,0.0
73,3059861,1.0,0.0,0.0,0.0
74,3059862,1.0,0.0,0.0,0.0
75,1955137,0.0,0.0,1.0,0.0
76,3059946,1.0,0.0,0.0,0.0
77,3059936,1.0,0.0,0.0,0.0
78,3059940,1.0,0.0,0.0,0.0
79,3059942,1.0,0.0,0.0,0.0
80,3059938,1.0,0.0,0.0,0.0
81,3059916,1.0,0.0,0.0,0.0
82,3059924,1.0,0.0,0.0,0.0
83,2873951,0.0,1.0,0.0,0.0
84,2873952,0.0,1.0,0.0,0.0
85,2956303,,,,
86,2560644,0.0,1.0,0.0,0.0
87,3052810,0.0,1.0,0.0,0.0
88,2734404,0.0,0.0,1.0,0.0
89,3048261,1.0,0.0,0.0,0.0
90,2956349,0.0,0.0,1.0,0.0
91,694014,0.0,0.0,1.0,0.0
92,2569586,0.0,0.0,1.0,0.0
93,400570,0.0,0.0,1.0,0.0
94,1146876,0.0,0.0,1.0,0.0
95,2560612,0.0,1.0,0.0,0.0
96,3052400,0.0,1.0,0.0,0.0
97,3052421,0.0,1.0,0.0,0.0
98,2109374,,,,
99,2109373,,,,
100,1930304,0.0,1.0,0.0,0.0
101,1634476,0.0,1.0,0.0,0.0
102,2094713,0.0,0.0,1.0,0.0
103,3051984,1.0,0.0,0.0,0.0
104,3047745,1.0,0.0,0.0,0.0
105,272636,1.0,0.0,0.0,0.0
106,2734539,0.0,1.0,0.0,0.0
107,2844806,0.0,1.0,0.0,0.0
108,3052539,0.0,0.0,1.0,0.0
109,3051369,0.0,0.0,1.0,0.0
110,2099352,0.0,1.0,0.0,0.0
111,2364132,0.0,1.0,0.0,0.0
112,574549,0.0,0.0,1.0,0.0
113,1548721,0.0,0.0,1.0,0.0
114,1972581,0.0,0.0,1.0,0.0
115,1511772,0.0,1.0,0.0,0.0
116,1755590,0.0,1.0,0.0,0.0
117,190065,0.0,0.0,1.0,0.0
118,3047744,1.0,0.0,0.0,0.0
119,2170005,0.0,1.0,0.0,0.0
120,2170008,0.0,1.0,0.0,0.0
121,3051366,0.0,0.0,1.0,0.0
122,3051378,0.0,0.0,1.0,0.0
123,3051379,0.0,0.0,1.0,0.0
124,3051380,0.0,0.0,1.0,0.0
125,3051381,0.0,0.0,1.0,0.0
126,2169709,0.0,0.0,1.0,0.0
127,2955939,0.0,1.0,0.0,0.0
128,2169904,0.0,1.0,0.0,0.0
129,2844965,0.0,0.0,0.0,0.0
130,2844966,0.0,0.0,0.0,0.0
131,3052448,0.0,1.0,0.0,0.0
132,1548713,0.0,0.0,1.0,0.0
133,1884878,0.0,0.0,1.0,0.0
134,3051372,0.0,0.0,1.0,0.0
135,3051374,0.0,0.0,1.0,0.0
136,3051375,0.0,0.0,1.0,0.0
137,3051368,0.0,0.0,1.0,0.0
138,2170006,0.0,1.0,0.0,0.0
139,2059380,0.0,0.0,1.0,0.0
140,1964370,0.0,1.0,0.0,0.0
141,2006642,0.0,1.0,0.0,0.0
142,2018685,0.0,0.0,1.0,0.0
143,3051367,0.0,0.0,1.0,0.0
144,3047812,1.0,0.0,0.0,0.0
145,2170007,0.0,1.0,0.0,0.0
146,1972618,0.0,1.0,0.0,0.0
147,1349999,0.0,1.0,0.0,0.0
148,3050267,0.0,0.0,1.0,0.0
149,2170004,0.0,1.0,0.0,0.0
150,1923351,,,,
151,1938656,,,,
152,3048326,0.0,0.0,1.0,0.0
153,1923350,,,,
154,2560343,0.0,1.0,0.0,0.0
155,2844629,0.0,1.0,0.0,0.0
156,1930302,,,,
157,2169708,0.0,0.0,1.0,0.0
158,1548720,0.0,0.0,1.0,0.0
159,1548722,0.0,0.0,1.0,0.0
160,3051377,0.0,0.0,1.0,0.0
161,2005055,0.0,0.0,1.0,0.0
162,1843768,,,,
163,1843769,,,,
164,1843770,,,,
165,2844550,0.0,1.0,0.0,0.0
166,2844603,0.0,1.0,0.0,0.0
167,2844428,0.0,1.0,0.0,0.0
168,2844427,0.0,1.0,0.0,0.0
169,1766557,0.0,1.0,0.0,0.0
170,1766559,0.0,1.0,0.0,0.0
171,1755588,0.0,1.0,0.0,0.0
172,336486,0.0,0.0,1.0,0.0
173,2844429,0.0,1.0,0.0,0.0
174,2844799,0.0,1.0,0.0,0.0
175,1671382,0.0,1.0,0.0,0.0
176,3048458,1.0,0.0,0.0,0.0
177,2003391,0.0,1.0,0.0,0.0
178,3052463,1.0,0.0,0.0,0.0
179,1891750,0.0,1.0,0.0,0.0
180,2003673,0.0,0.0,1.0,0.0
181,2956351,0.0,0.0,1.0,0.0
182,2844644,0.0,1.0,0.0,0.0
183,2844555,0.0,1.0,0.0,0.0
184,2844561,0.0,1.0,0.0,0.0
185,2844562,0.0,1.0,0.0,0.0
186,2844476,0.0,1.0,0.0,0.0
187,2844445,0.0,1.0,0.0,0.0
188,2844446,0.0,1.0,0.0,0.0
189,2844447,0.0,1.0,0.0,0.0
190,2170052,0.0,1.0,0.0,0.0
191,3051383,0.0,0.0,1.0,0.0
192,2734408,0.0,0.0,1.0,0.0
193,3051365,0.0,0.0,1.0,0.0
194,3051373,0.0,0.0,1.0,0.0
195,2560309,0.0,0.0,1.0,0.0
196,3051371,0.0,0.0,1.0,0.0
197,3051376,0.0,0.0,1.0,0.0
198,3052594,0.0,0.0,1.0,0.0
199,1027468,0.0,0.0,1.0,0.0
200,3048350,1.0,0.0,0.0,0.0
201,1534544,0.0,1.0,0.0,0.0
202,1985982,0.0,1.0,0.0,0.0
203,1985983,0.0,1.0,0.0,0.0
204,1534547,0.0,1.0,0.0,0.0
205,1511776,0.0,1.0,0.0,0.0
206,1534553,0.0,0.0,1.0,0.0
207,40060,1.0,0.0,0.0,0.0
208,1548417,0.0,0.0,1.0,0.0
209,648998,0.0,0.0,1.0,0.0
210,10264,0.0,0.0,1.0,0.0
211,1922208,0.0,1.0,0.0,0.0
212,1493858,0.0,1.0,0.0,0.0
213,2169685,0.0,1.0,0.0,0.0
214,1481452,1.0,0.0,0.0,0.0
215,1921778,0.0,1.0,0.0,0.0
216,1282443,,,,
217,1282444,,,,
218,2845936,0.0,0.0,0.0,0.0
219,1330070,0.0,1.0,0.0,0.0
220,1891749,0.0,1.0,0.0,0.0
221,1962301,0.0,0.0,1.0,0.0
222,1962302,0.0,0.0,1.0,0.0
223,183405,0.0,0.0,1.0,0.0
224,183407,0.0,0.0,1.0,0.0
225,190062,0.0,0.0,1.0,0.0
226,1891752,0.0,1.0,0.0,0.0
227,1193420,0.0,0.0,1.0,0.0
228,1159907,0.0,0.0,1.0,0.0
229,1159906,0.0,0.0,1.0,0.0
230,1159903,0.0,0.0,1.0,0.0
231,1159904,0.0,0.0,1.0,0.0
232,1159908,0.0,0.0,1.0,0.0
233,1159902,0.0,0.0,1.0,0.0
234,1128118,0.0,0.0,1.0,0.0
235,886980,0.0,0.0,1.0,0.0
236,1089138,0.0,1.0,0.0,0.0
237,3048360,1.0,0.0,0.0,0.0
238,928289,0.0,1.0,0.0,0.0
239,691961,0.0,0.0,1.0,0.0
240,2844800,0.0,1.0,0.0,0.0
241,190063,0.0,0.0,1.0,0.0
242,11864,0.0,1.0,0.0,0.0
243,1146875,0.0,0.0,1.0,0.0
244,335100,0.0,0.0,1.0,0.0
245,1511803,0.0,1.0,0.0,0.0
246,1511781,0.0,1.0,0.0,0.0
247,3049524,0.0,0.0,1.0,0.0
248,11024,1.0,0.0,0.0,0.0
249,905828,0.0,1.0,0.0,0.0
250,572290,0.0,0.0,1.0,0.0
251,1297661,0.0,0.0,1.0,0.0
252,3047861,1.0,0.0,0.0,0.0
253,3047835,1.0,0.0,0.0,0.0
254,3048293,1.0,0.0,0.0,0.0
255,3048341,1.0,0.0,0.0,0.0
256,1891748,0.0,1.0,0.0,0.0
257,1891751,0.0,1.0,0.0,0.0
258,2955291,1.0,0.0,0.0,0.0
259,3047813,1.0,0.0,0.0,0.0
260,11636,0.0,0.0,1.0,0.0
261,1511895,1.0,0.0,0.0,0.0
262,93465,0.0,0.0,1.0,0.0
263,12639,0.0,0.0,1.0,0.0
264,3050344,0.0,0.0,1.0,0.0
265,197772,0.0,1.0,0.0,0.0
266,3047842,1.0,0.0,0.0,0.0
267,3047720,1.0,0.0,0.0,0.0
268,3050320,0.0,0.0,1.0,0.0
269,3050342,1.0,0.0,0.0,0.0
270,3050287,0.0,0.0,1.0,0.0
271,70793,0.0,1.0,0.0,0.0
272,3048151,0.0,1.0,0.0,0.0
273,3048447,1.0,0.0,0.0,0.0
274,3047743,0.0,1.0,0.0,0.0
275,3048158,1.0,0.0,0.0,0.0
276,2810457,0.0,1.0,0.0,0.0
277,3048448,1.0,0.0,0.0,0.0
278,190064,0.0,0.0,1.0,0.0
279,1985367 ,0.0,1.0,0.0,0.0
280,Not found,,,,
281,2766787,0.0,1.0,0.0,0.0
282,2844804,0.0,1.0,0.0,0.0
283,190061,0.0,0.0,1.0,0.0
284,548681,,,,
285,10535,0.0,0.0,1.0,0.0
286,3047384,0.0,0.0,1.0,0.0
287,39725,0.0,1.0,0.0,0.0
288,39725,0.0,1.0,0.0,0.0
289,39725,0.0,1.0,0.0,0.0
290,1221219,1.0,0.0,0.0,0.0
291,39725,0.0,1.0,0.0,0.0
292,39725,0.0,1.0,0.0,0.0
293,39725,0.0,1.0,0.0,0.0
294,39725,0.0,1.0,0.0,0.0
295,39725,0.0,1.0,0.0,0.0
296,39725,0.0,1.0,0.0,0.0
297,39725,0.0,1.0,0.0,0.0
298,39725,0.0,1.0,0.0,0.0
299,39725,0.0,1.0,0.0,0.0
300,39725,0.0,1.0,0.0,0.0
301,142661,1.0,0.0,0.0,0.0
302,39725,0.0,1.0,0.0,0.0
303,349370,1.0,0.0,0.0,0.0
304,39725,0.0,1.0,0.0,0.0
305,39725,0.0,1.0,0.0,0.0
306,39725,0.0,1.0,0.0,0.0
307,36362,0.0,1.0,0.0,0.0
308,10261,0.0,0.0,1.0,0.0
309,130328,0.0,0.0,1.0,0.0
310,2671518,0.0,0.0,1.0,0.0
311,2217649,0.0,0.0,1.0,0.0
312,1301246,0.0,0.0,1.0,0.0
313,2671519,0.0,0.0,1.0,0.0
314,1897654,0.0,1.0,0.0,0.0
315,352474,0.0,1.0,0.0,0.0
316,11034,1.0,0.0,0.0,0.0
317,1891747,0.0,1.0,0.0,0.0
318,691956,0.0,1.0,0.0,0.0
319,3047561,1.0,0.0,0.0,0.0
320,3047385,1.0,0.0,0.0,0.0
321,1911231,0.0,0.0,1.0,0.0
322,3051983,1.0,0.0,0.0,0.0
323,3250174,0.0,0.0,1.0,0.0
324,2832629,0.0,0.0,1.0,0.0
325,1354736,0.0,0.0,1.0,0.0
326,28875,0.0,0.0,1.0,0.0
327,3242737,0.0,1.0,0.0,0.0
328,298333,0.0,0.0,1.0,0.0
329,1928336,0.0,0.0,1.0,0.0
330,1914440,0.0,1.0,0.0,0.0
331,70796,0.0,1.0,0.0,0.0
332,1354735,0.0,1.0,0.0,0.0
333,3048443,1.0,0.0,0.0,0.0
334,3080522,0.0,0.0,1.0,0.0
335,3233541,0.0,0.0,1.0,0.0
336,908207,0.0,1.0,0.0,0.0
337,1678144,1.0,0.0,0.0,0.0
338,2699166,1.0,0.0,0.0,0.0
339,28295,0.0,0.0,1.0,0.0
340,3163392,0.0,1.0,0.0,0.0
341,2809560,0.0,1.0,0.0,0.0
342,2569971,,,,
343,3138950,,,,
344,3138951,,,,
345,3042447,1.0,0.0,0.0,0.0
346,2963861,,,,
347,3138952,,,,
348,2874383,0.0,0.0,1.0,0.0
349,1964372,1.0,0.0,0.0,0.0
350,2748378,,,,
351,1608440,,,,
352,3138953,,,,
353,3049970,0.0,0.0,1.0,0.0
354,3049969,0.0,0.0,1.0,0.0
355,3155980,0.0,1.0,0.0,0.0
356,3155981,1.0,0.0,0.0,0.0
357,3155982,0.0,1.0,0.0,0.0
358,3153733,0.0,0.0,1.0,0.0
359,3153734,0.0,0.0,1.0,0.0
360,1649337,0.0,0.0,1.0,0.0
361,2910303,0.0,1.0,0.0,0.0
362,68887,0.0,1.0,0.0,0.0
363,3138814,1.0,0.0,0.0,0.0
364,3138815,1.0,0.0,0.0,0.0
365,3117183,1.0,0.0,0.0,0.0
366,3117122,1.0,0.0,0.0,0.0
367,3117181,1.0,0.0,0.0,0.0
368,3117180,1.0,0.0,0.0,0.0
369,3117225,1.0,0.0,0.0,0.0
370,3117115,1.0,0.0,0.0,0.0
371,3117116,1.0,0.0,0.0,0.0
372,3116695,0.0,0.0,1.0,0.0
373,3117070,1.0,0.0,0.0,0.0
374,3117217,1.0,0.0,0.0,0.0
375,3115873,0.0,0.0,1.0,0.0
376,3117216,1.0,0.0,0.0,0.0
377,3117185,1.0,0.0,0.0,0.0
378,3117261,0.0,1.0,0.0,0.0
379,3117098,1.0,0.0,0.0,0.0
380,3117270,0.0,1.0,0.0,0.0
381,3117034,1.0,0.0,0.0,0.0
382,3117208,1.0,0.0,0.0,0.0
383,3117119,1.0,0.0,0.0,0.0
384,3117160,1.0,0.0,0.0,0.0
385,3117078,1.0,0.0,0.0,0.0
386,3117230,0.0,1.0,0.0,0.0
387,3117121,1.0,0.0,0.0,0.0
388,3116987,0.0,1.0,0.0,0.0
389,3117282,0.0,1.0,0.0,0.0
390,3117226,1.0,0.0,0.0,0.0
391,3117037,1.0,0.0,0.0,0.0
392,3117117,1.0,0.0,0.0,0.0
393,3117099,1.0,0.0,0.0,0.0
394,3117064,1.0,0.0,0.0,0.0
395,3117178,1.0,0.0,0.0,0.0
396,3117100,1.0,0.0,0.0,0.0
397,3115994,0.0,1.0,0.0,0.0
398,3117179,1.0,0.0,0.0,0.0
399,3117080,1.0,0.0,0.0,0.0
400,3117036,1.0,0.0,0.0,0.0
401,3117039,1.0,0.0,0.0,0.0
402,3117274,0.0,1.0,0.0,0.0
403,3117182,1.0,0.0,0.0,0.0
404,3115989,0.0,1.0,0.0,0.0
405,3116726,,,,
406,3116978,0.0,1.0,0.0,0.0
407,3117038,1.0,0.0,0.0,0.0
408,3117279,0.0,1.0,0.0,0.0
409,3117280,0.0,1.0,0.0,0.0
410,3116679,,,,
411,3117081,1.0,0.0,0.0,0.0
412,3116680,,,,
413,3115938,0.0,0.0,0.0,0.0
414,3117184,1.0,0.0,0.0,0.0
415,3117118,1.0,0.0,0.0,0.0
416,3117207,1.0,0.0,0.0,0.0
417,3117231,0.0,1.0,0.0,0.0
418,3117079,1.0,0.0,0.0,0.0
419,3117206,1.0,0.0,0.0,0.0
420,3117276,0.0,1.0,0.0,0.0
421,3117287,0.0,1.0,0.0,0.0
422,3117269,0.0,1.0,0.0,0.0
423,3117205,1.0,0.0,0.0,0.0
424,3115995,0.0,1.0,0.0,0.0
425,3117175,1.0,0.0,0.0,0.0
426,3134257,0.0,0.0,1.0,0.0
427,1702318,0.0,1.0,0.0,0.0
428,44088,0.0,0.0,1.0,0.0
429,3134033,0.0,0.0,1.0,0.0
430,3129245,0.0,0.0,1.0,0.0
431,3129244,0.0,0.0,1.0,0.0
432,3127497,0.0,1.0,0.0,0.0
433,3127498,0.0,1.0,0.0,0.0
434,3127499,0.0,1.0,0.0,0.0
435,3127500,0.0,1.0,0.0,0.0
436,3127501,0.0,1.0,0.0,0.0
437,3127502,0.0,1.0,0.0,0.0
438,11961,0.0,1.0,0.0,0.0
439,928291,0.0,1.0,0.0,0.0
440,3079711,0.0,1.0,0.0,0.0
441,2875327,0.0,0.0,1.0,0.0
442,3112648,,,,
443,3112649,,,,
444,3112650,,,,
445,3112651,,,,
446,3112652,,,,
447,3112653,,,,
448,3112654,,,,
449,3112655,,,,
450,3112656,,,,
451,3112657,,,,
452,3112658,,,,
453,3112659,,,,
454,3112660,,,,
455,3112661,,,,
456,3112662,,,,
457,3112663,,,,
458,3112664,,,,
459,3112667,,,,
460,3112675,,,,
461,3112676,,,,
462,3112677,,,,
463,3112678,,,,
464,3112679,,,,
465,3112680,,,,
466,3112681,,,,
467,3112682,,,,
468,3112683,,,,
469,3112684,,,,
470,3112685,0.0,1.0,0.0,0.0
471,3112686,0.0,1.0,0.0,0.0
472,3112687,0.0,1.0,0.0,0.0
473,3112688,,,,
474,3112689,,,,
475,3112690,,,,
476,3112691,,,,
477,3118410,1.0,0.0,0.0,0.0
478,3064243,0.0,0.0,1.0,0.0
479,Not found,,,,
480,1239439,0.0,1.0,0.0,0.0
481,2163008,0.0,0.0,1.0,0.0
482,3113012,0.0,1.0,0.0,0.0
483,3112618,0.0,1.0,0.0,0.0
484,2202624,1.0,0.0,0.0,0.0
485,1517684,0.0,1.0,0.0,0.0
486,11309,0.0,0.0,1.0,0.0
487,3104762,0.0,1.0,0.0,0.0
488,3104763,1.0,0.0,0.0,0.0
489,3104764,1.0,0.0,0.0,0.0
490,3104765,1.0,0.0,0.0,0.0
491,3106067,0.0,1.0,0.0,0.0
492,3106068,0.0,1.0,0.0,0.0
493,3077354,0.0,1.0,0.0,0.0
494,1987106,1.0,0.0,0.0,0.0
495,2809444,0.0,1.0,0.0,0.0
496,3085107,0.0,1.0,0.0,0.0
497,3085108,0.0,1.0,0.0,0.0
498,1891746,0.0,1.0,0.0,0.0
499,3090915,1.0,0.0,0.0,0.0
500,3090916,1.0,0.0,0.0,0.0
501,3090917,1.0,0.0,0.0,0.0
502,3085222,1.0,0.0,0.0,0.0
503,3085220,1.0,0.0,0.0,0.0
504,3085221,1.0,0.0,0.0,0.0
505,3085223,1.0,0.0,0.0,0.0
506,2844802,0.0,1.0,0.0,0.0
507,3042372,0.0,0.0,1.0,0.0
508,336959,0.0,1.0,0.0,0.0
509,3080879,0.0,1.0,0.0,0.0
510,3077833,0.0,0.0,1.0,0.0
511,3074439,0.0,0.0,1.0,0.0
512,3074466,0.0,1.0,0.0,0.0
513,3073259,0.0,0.0,1.0,0.0
514,2809412,0.0,1.0,0.0,0.0
515,3069714,0.0,1.0,0.0,0.0
516,2874388,0.0,1.0,0.0,0.0
517,2992309,0.0,0.0,1.0,0.0
518,3062345,1.0,0.0,0.0,0.0
519,3062346,1.0,0.0,0.0,0.0
520,3062347,1.0,0.0,0.0,0.0
521,2962496,0.0,1.0,0.0,0.0
522,643132,1.0,0.0,0.0,0.0
523,3052416,0.0,1.0,0.0,0.0
524,3051319,0.0,1.0,0.0,0.0
525,2717633,0.0,0.0,1.0,0.0
526,2928393,0.0,0.0,1.0,0.0
527,2794570,1.0,0.0,0.0,0.0
528,3042376,0.0,0.0,1.0,0.0
529,3042448,1.0,0.0,0.0,0.0
530,3042449,0.0,1.0,0.0,0.0
531,2809295,1.0,0.0,0.0,0.0
532,2844803,0.0,1.0,0.0,0.0
533,11021,1.0,0.0,0.0,0.0
534,3040023,0.0,0.0,1.0,0.0
535,2585031,,,,
536,3031139,0.0,0.0,1.0,0.0
537,3031140,0.0,0.0,1.0,0.0
538,3031141,0.0,0.0,1.0,0.0
539,104388,0.0,0.0,1.0,0.0
540,3029445,1.0,0.0,0.0,0.0
541,2593122,,,,
542,3019552,0.0,1.0,0.0,0.0
543,3052381,0.0,1.0,0.0,0.0
544,3021812,0.0,1.0,0.0,0.0
545,3004181,1.0,0.0,0.0,0.0
546,3004182,1.0,0.0,0.0,0.0
547,2996228,1.0,0.0,0.0,0.0
548,2996223,0.0,1.0,0.0,0.0
549,2996224,1.0,0.0,0.0,0.0
550,2996209,0.0,1.0,0.0,0.0
551,2996208,0.0,1.0,0.0,0.0
552,2996214,0.0,1.0,0.0,0.0
553,2996215,0.0,1.0,0.0,0.0
554,2996213,0.0,1.0,0.0,0.0
555,2996226,1.0,0.0,0.0,0.0
556,2996219,0.0,1.0,0.0,0.0
557,2996216,0.0,1.0,0.0,0.0
558,2996211,0.0,1.0,0.0,0.0
559,2996210,0.0,1.0,0.0,0.0
560,2996207,0.0,1.0,0.0,0.0
561,2996218,0.0,1.0,0.0,0.0
562,2996212,0.0,1.0,0.0,0.0
563,2996227,1.0,0.0,0.0,0.0
564,2996217,0.0,1.0,0.0,0.0
565,2996225,1.0,0.0,0.0,0.0
566,2996221,0.0,1.0,0.0,0.0
567,2996220,0.0,1.0,0.0,0.0
568,11886,0.0,1.0,0.0,0.0
569,2956479,0.0,0.0,1.0,0.0
570,2956481,0.0,0.0,1.0,0.0
571,2986276,0.0,1.0,0.0,0.0
572,2875326,1.0,0.0,0.0,0.0
573,2874139,0.0,0.0,1.0,0.0
574,2928890,1.0,0.0,0.0,0.0
575,2809168,0.0,1.0,0.0,0.0
576,2994410,1.0,0.0,0.0,0.0
577,644610,0.0,0.0,1.0,0.0
578,2992313,0.0,1.0,0.0,0.0
579,2987487,0.0,1.0,0.0,0.0
580,2942216,0.0,1.0,0.0,0.0
581,1294098,0.0,0.0,1.0,0.0
582,2986032,0.0,1.0,0.0,0.0
583,2986033,0.0,1.0,0.0,0.0
584,2986034,0.0,1.0,0.0,0.0
585,2986035,0.0,1.0,0.0,0.0
586,2985990,,,,
587,2985991,,,,
588,2985992,,,,
589,2985993,,,,
590,2985994,,,,
591,2985995,,,,
592,2985996,,,,
593,2985997,,,,
594,2985998,,,,
595,2985999,,,,
596,2986000,,,,
597,2986001,,,,
598,2986002,,,,
599,2986003,,,,
600,2986004,,,,
601,2986005,,,,
602,2986006,,,,
603,2986007,,,,
604,2986008,,,,
605,2986009,,,,
606,2986010,,,,
607,2986011,,,,
608,2986012,,,,
609,2986013,,,,
610,2986014,,,,
611,2986015,,,,
612,2986016,,,,
613,2986017,,,,
614,2986018,,,,
615,2986019,,,,
616,2986020,,,,
617,2986021,,,,
618,2986022,,,,
619,2986023,,,,
620,2986024,,,,
621,2986025,,,,
622,2986026,,,,
623,2986027,,,,
624,2986028,,,,
625,2986029,,,,
626,2986030,,,,
627,2983543,1.0,0.0,0.0,0.0
628,2748958,0.0,1.0,0.0,0.0
629,2982300,0.0,0.0,1.0,0.0
630,2976936,0.0,1.0,0.0,0.0
631,2976362,0.0,1.0,0.0,0.0
632,2875246,0.0,0.0,1.0,0.0
633,2875244,0.0,0.0,1.0,0.0
634,2875245,0.0,0.0,1.0,0.0
635,928292,0.0,1.0,0.0,0.0
636,1239438,0.0,1.0,0.0,0.0
637,2585114,0.0,1.0,0.0,0.0
638,2963835,0.0,0.0,1.0,0.0
639,2862777,0.0,0.0,1.0,0.0
640,2855326,0.0,1.0,0.0,0.0
641,1972696,0.0,0.0,1.0,0.0
642,2936950,0.0,1.0,0.0,0.0
643,2936980,0.0,0.0,1.0,0.0
644,2936979,0.0,1.0,0.0,0.0
645,2936949,0.0,1.0,0.0,0.0
646,2936955,1.0,0.0,0.0,0.0
647,2936956,1.0,0.0,0.0,0.0
648,2936957,1.0,0.0,0.0,0.0
649,2936958,1.0,0.0,0.0,0.0
650,2936959,1.0,0.0,0.0,0.0
651,2936960,1.0,0.0,0.0,0.0
652,2936981,0.0,0.0,1.0,0.0
653,2936951,0.0,1.0,0.0,0.0
654,2936952,0.0,1.0,0.0,0.0
655,2936953,0.0,1.0,0.0,0.0
656,2936954,0.0,1.0,0.0,0.0
657,2936962,0.0,1.0,0.0,0.0
658,2936965,0.0,1.0,0.0,0.0
659,2936966,0.0,1.0,0.0,0.0
660,2936967,0.0,1.0,0.0,0.0
661,2936968,0.0,1.0,0.0,0.0
662,2936969,0.0,1.0,0.0,0.0
663,2936970,0.0,1.0,0.0,0.0
664,2936971,0.0,1.0,0.0,0.0
665,2936972,0.0,1.0,0.0,0.0
666,2936963,0.0,1.0,0.0,0.0
667,2936964,0.0,1.0,0.0,0.0
668,2936961,1.0,0.0,0.0,0.0
669,2936973,0.0,1.0,0.0,0.0
670,2936974,0.0,1.0,0.0,0.0
671,2936975,0.0,1.0,0.0,0.0
672,2936976,0.0,1.0,0.0,0.0
673,2936977,0.0,1.0,0.0,0.0
674,2936978,0.0,1.0,0.0,0.0
675,2928886,1.0,0.0,0.0,0.0
676,2928887,1.0,0.0,0.0,0.0
677,2928888,1.0,0.0,0.0,0.0
678,2928889,1.0,0.0,0.0,0.0
679,2928878,1.0,0.0,0.0,0.0
680,2928879,1.0,0.0,0.0,0.0
681,2928880,1.0,0.0,0.0,0.0
682,2928881,1.0,0.0,0.0,0.0
683,2928882,1.0,0.0,0.0,0.0
684,2928883,1.0,0.0,0.0,0.0
685,2928884,1.0,0.0,0.0,0.0
686,2928885,1.0,0.0,0.0,0.0
687,2952659,1.0,0.0,0.0,0.0
688,1294092,0.0,0.0,1.0,0.0
689,2945983,1.0,0.0,0.0,0.0
690,1649336,0.0,0.0,1.0,0.0
691,1618249,0.0,1.0,0.0,0.0
692,2832253,0.0,1.0,0.0,0.0
693,2832254,0.0,1.0,0.0,0.0
694,2832255,1.0,0.0,0.0,0.0
695,2832257,0.0,1.0,0.0,0.0
696,2832256,0.0,1.0,0.0,0.0
697,2832239,1.0,0.0,0.0,0.0
698,2832240,1.0,0.0,0.0,0.0
699,2832241,1.0,0.0,0.0,0.0
700,2832242,1.0,0.0,0.0,0.0
701,2832243,1.0,0.0,0.0,0.0
702,2832244,1.0,0.0,0.0,0.0
703,2832259,,,,
704,2832268,,,,
705,2832269,,,,
706,2832270,,,,
707,2832271,,,,
708,2832272,,,,
709,2832273,,,,
710,2832274,,,,
711,2832275,,,,
712,2832260,,,,
713,2832261,,,,
714,2832262,,,,
715,2832263,,,,
716,2832264,,,,
717,2832265,,,,
718,2832266,,,,
719,2832267,,,,
720,2832252,0.0,0.0,1.0,0.0
721,2832251,0.0,1.0,0.0,0.0
722,2832211,1.0,0.0,0.0,0.0
723,2832212,1.0,0.0,0.0,0.0
724,2832213,1.0,0.0,0.0,0.0
725,2832214,1.0,0.0,0.0,0.0
726,2832173,0.0,1.0,0.0,0.0
727,2832174,0.0,1.0,0.0,0.0
728,2832175,0.0,1.0,0.0,0.0
729,2832176,0.0,1.0,0.0,0.0
730,2832177,0.0,1.0,0.0,0.0
731,2832178,0.0,1.0,0.0,0.0
732,2832179,0.0,1.0,0.0,0.0
733,2832180,0.0,1.0,0.0,0.0
734,2832181,0.0,1.0,0.0,0.0
735,2832153,0.0,1.0,0.0,0.0
736,2832154,0.0,1.0,0.0,0.0
737,2832155,0.0,1.0,0.0,0.0
738,2832156,0.0,1.0,0.0,0.0
739,2832157,0.0,1.0,0.0,0.0
740,2832158,0.0,1.0,0.0,0.0
741,2832159,0.0,1.0,0.0,0.0
742,2832160,0.0,1.0,0.0,0.0
743,2832161,0.0,1.0,0.0,0.0
744,2832162,0.0,1.0,0.0,0.0
745,2832163,0.0,1.0,0.0,0.0
746,2832164,0.0,1.0,0.0,0.0
747,2832165,0.0,1.0,0.0,0.0
748,2832166,0.0,1.0,0.0,0.0
749,2832167,0.0,1.0,0.0,0.0
750,2832152,0.0,1.0,0.0,0.0
751,2832171,0.0,1.0,0.0,0.0
752,2832172,0.0,1.0,0.0,0.0
753,2832168,0.0,1.0,0.0,0.0
754,2832169,0.0,1.0,0.0,0.0
755,2832170,0.0,1.0,0.0,0.0
756,2832182,0.0,1.0,0.0,0.0
757,2832193,0.0,1.0,0.0,0.0
758,2832204,0.0,1.0,0.0,0.0
759,2832205,0.0,1.0,0.0,0.0
760,2832206,0.0,1.0,0.0,0.0
761,2832207,0.0,1.0,0.0,0.0
762,2832208,0.0,1.0,0.0,0.0
763,2832209,0.0,1.0,0.0,0.0
764,2832210,0.0,1.0,0.0,0.0
765,2832183,0.0,1.0,0.0,0.0
766,2832184,0.0,1.0,0.0,0.0
767,2832185,0.0,1.0,0.0,0.0
768,2832186,0.0,1.0,0.0,0.0
769,2832187,0.0,1.0,0.0,0.0
770,2832188,0.0,1.0,0.0,0.0
771,2832189,0.0,1.0,0.0,0.0
772,2832190,0.0,1.0,0.0,0.0
773,2832191,0.0,1.0,0.0,0.0
774,2832192,0.0,1.0,0.0,0.0
775,2832194,0.0,1.0,0.0,0.0
776,2832195,0.0,1.0,0.0,0.0
777,2832196,0.0,1.0,0.0,0.0
778,2832197,0.0,1.0,0.0,0.0
779,2832198,0.0,1.0,0.0,0.0
780,2832199,0.0,1.0,0.0,0.0
781,2832200,0.0,1.0,0.0,0.0
782,2832201,0.0,1.0,0.0,0.0
783,2832202,0.0,1.0,0.0,0.0
784,2832203,0.0,1.0,0.0,0.0
785,2832245,0.0,1.0,0.0,0.0
786,2832246,0.0,1.0,0.0,0.0
787,2832247,0.0,1.0,0.0,0.0
788,2832222,0.0,1.0,0.0,0.0
789,2832223,0.0,1.0,0.0,0.0
790,2832224,0.0,1.0,0.0,0.0
791,2944714,1.0,0.0,0.0,0.0
792,2809629,0.0,0.0,1.0,0.0
793,2809562,0.0,0.0,1.0,0.0
794,1955153,0.0,1.0,0.0,0.0
795,2583049,0.0,1.0,0.0,0.0
796,2940294,0.0,0.0,1.0,0.0
797,2928837,0.0,1.0,0.0,0.0
798,2811222,0.0,1.0,0.0,0.0
799,2726020,0.0,0.0,1.0,0.0
800,2052559,1.0,0.0,0.0,0.0
801,2558258,1.0,0.0,0.0,0.0
802,10970,0.0,0.0,1.0,0.0
803,2809150,0.0,1.0,0.0,0.0
804,2715213,1.0,0.0,0.0,0.0
805,1916234,0.0,1.0,0.0,0.0
806,2809473,0.0,0.0,0.0,0.0
807,1930506,0.0,1.0,0.0,0.0
808,3051382,0.0,0.0,1.0,0.0
809,3051370,0.0,0.0,1.0,0.0
810,2489503,0.0,0.0,1.0,0.0
811,2928392,0.0,0.0,1.0,0.0
812,2928397,0.0,0.0,1.0,0.0
813,2489501,0.0,0.0,1.0,0.0
814,2928400,0.0,0.0,1.0,0.0
815,2928398,0.0,0.0,1.0,0.0
816,2928395,0.0,0.0,1.0,0.0
817,2928396,0.0,0.0,1.0,0.0
818,2928394,0.0,0.0,1.0,0.0
819,2928399,0.0,0.0,1.0,0.0
820,2717891,0.0,0.0,1.0,0.0
821,2928402,0.0,0.0,1.0,0.0
822,2926920,0.0,1.0,0.0,0.0
823,2922909,1.0,0.0,0.0,0.0
824,2922908,1.0,0.0,0.0,0.0
825,2919602,0.0,1.0,0.0,0.0
826,2917163,1.0,0.0,0.0,0.0
827,692069,0.0,0.0,1.0,0.0
828,3052342,0.0,0.0,1.0,0.0
829,2605648,0.0,0.0,1.0,0.0
830,2913659,0.0,0.0,1.0,0.0
831,2853431,0.0,0.0,1.0,0.0
832,2809433,,,,
833,1955170,0.0,1.0,0.0,0.0
834,2809355,,,,
835,2884278,0.0,1.0,0.0,0.0
836,2876998,0.0,1.0,0.0,0.0
837,2896467,0.0,1.0,0.0,0.0
838,2886397,1.0,0.0,0.0,0.0
839,2886398,1.0,0.0,0.0,0.0
840,2886399,1.0,0.0,0.0,0.0
841,2886400,1.0,0.0,0.0,0.0
842,2886401,1.0,0.0,0.0,0.0
843,2886402,1.0,0.0,0.0,0.0
844,2886403,1.0,0.0,0.0,0.0
845,2886404,1.0,0.0,0.0,0.0
846,2886405,1.0,0.0,0.0,0.0
847,2886406,1.0,0.0,0.0,0.0
848,2886407,0.0,1.0,0.0,0.0
849,2886408,0.0,1.0,0.0,0.0
850,2886409,0.0,1.0,0.0,0.0
851,2886410,0.0,1.0,0.0,0.0
852,2886411,0.0,1.0,0.0,0.0
853,2886412,0.0,1.0,0.0,0.0
854,2886413,0.0,1.0,0.0,0.0
855,2886414,0.0,1.0,0.0,0.0
856,2886415,0.0,1.0,0.0,0.0
857,2886416,0.0,1.0,0.0,0.0
858,2886417,0.0,1.0,0.0,0.0
859,2886418,,,,
860,2886419,,,,
861,2886420,,,,
862,2886421,,,,
863,2886422,,,,
864,2886423,,,,
865,2886424,,,,
866,2886425,,,,
867,2886430,0.0,1.0,0.0,0.0
868,2886426,,,,
869,2886427,,,,
870,2886428,,,,
871,2886429,,,,
872,3048314,1.0,0.0,0.0,0.0
873,2880959,,,,
874,2880957,1.0,0.0,0.0,0.0
875,2880956,1.0,0.0,0.0,0.0
876,2880955,0.0,1.0,0.0,0.0
877,2880958,0.0,0.0,1.0,0.0
878,2880954,0.0,0.0,1.0,0.0
879,2875666,,,,
880,2875667,,,,
881,2875668,,,,
882,2875663,,,,
883,2875664,,,,
884,2875665,,,,
885,2878719,0.0,1.0,0.0,0.0
886,2878718,0.0,1.0,0.0,0.0
887,2878720,0.0,1.0,0.0,0.0
888,2824657,1.0,0.0,0.0,0.0
889,2824655,1.0,0.0,0.0,0.0
890,2824656,1.0,0.0,0.0,0.0
891,1907787,0.0,1.0,0.0,0.0
892,2875658,,,,
893,2875659,,,,
894,2875660,,,,
895,2875661,,,,
896,2875662,,,,
897,2875669,,,,
898,2875670,,,,
899,2875671,,,,
900,2875673,,,,
901,2875675,,,,
902,2875677,,,,
903,2875678,,,,
904,2875679,,,,
905,2875681,,,,
906,2875672,,,,
907,2875674,,,,
908,2875676,,,,
909,2875680,,,,
910,2875682,,,,
911,2875683,,,,
912,2875684,,,,
913,1955166,0.0,1.0,0.0,0.0
914,2809007,0.0,0.0,1.0,0.0
915,1955172,0.0,1.0,0.0,0.0
916,2585267,0.0,1.0,0.0,0.0
917,1955165,,,,
918,2809836,0.0,1.0,0.0,0.0
919,2836004,0.0,1.0,0.0,0.0
920,2836149,,,,
921,2836148,,,,
922,2817032,0.0,1.0,0.0,0.0
923,2820437,0.0,0.0,1.0,0.0
924,1965089,0.0,0.0,1.0,0.0
925,2862952,0.0,1.0,0.0,0.0
926,2857096,0.0,1.0,0.0,0.0
927,2860474,0.0,0.0,1.0,0.0
928,2809172,0.0,1.0,0.0,0.0
929,2809180,0.0,1.0,0.0,0.0
930,2776968,0.0,0.0,1.0,0.0
931,2776967,1.0,0.0,0.0,0.0
932,2776963,0.0,1.0,0.0,0.0
933,2776964,0.0,1.0,0.0,0.0
934,2776959,0.0,0.0,1.0,0.0
935,2776960,0.0,1.0,0.0,0.0
936,2776965,0.0,1.0,0.0,0.0
937,2776961,0.0,1.0,0.0,0.0
938,2776962,0.0,1.0,0.0,0.0
939,2734510,0.0,0.0,1.0,0.0
940,2776924,1.0,0.0,0.0,0.0
941,2776966,0.0,1.0,0.0,0.0
942,2776920,0.0,0.0,1.0,0.0
943,2832643,,,,
944,2493083,0.0,0.0,1.0,0.0
945,675389,0.0,0.0,1.0,0.0
946,2794525,1.0,0.0,0.0,0.0
947,2794536,1.0,0.0,0.0,0.0
948,2794533,1.0,0.0,0.0,0.0
949,2794470,1.0,0.0,0.0,0.0
950,2794477,1.0,0.0,0.0,0.0
951,2794472,1.0,0.0,0.0,0.0
952,2794473,1.0,0.0,0.0,0.0
953,2794475,1.0,0.0,0.0,0.0
954,2794476,1.0,0.0,0.0,0.0
955,2794480,1.0,0.0,0.0,0.0
956,2794483,1.0,0.0,0.0,0.0
957,2794513,1.0,0.0,0.0,0.0
958,2794516,1.0,0.0,0.0,0.0
959,2794531,1.0,0.0,0.0,0.0
960,2794534,1.0,0.0,0.0,0.0
961,2794539,1.0,0.0,0.0,0.0
962,2794540,1.0,0.0,0.0,0.0
963,2794481,1.0,0.0,0.0,0.0
964,2794482,1.0,0.0,0.0,0.0
965,2814951,0.0,1.0,0.0,0.0
966,2814960,0.0,1.0,0.0,0.0
967,2830620,1.0,0.0,0.0,0.0
968,2830621,1.0,0.0,0.0,0.0
969,2821802,0.0,0.0,0.0,1.0
970,2794528,1.0,0.0,0.0,0.0
971,2794523,1.0,0.0,0.0,0.0
972,2794512,1.0,0.0,0.0,0.0
973,2794550,1.0,0.0,0.0,0.0
974,2794549,1.0,0.0,0.0,0.0
975,2794510,1.0,0.0,0.0,0.0
976,2794527,1.0,0.0,0.0,0.0
977,2794518,1.0,0.0,0.0,0.0
978,2794548,1.0,0.0,0.0,0.0
979,2794511,1.0,0.0,0.0,0.0
980,2794526,1.0,0.0,0.0,0.0
981,2794529,1.0,0.0,0.0,0.0
982,2794551,1.0,0.0,0.0,0.0
983,2815032,,,,
984,2815033,,,,
985,2815044,,,,
986,2815058,,,,
987,2815021,,,,
988,2815031,,,,
989,2815036,,,,
990,2814940,0.0,1.0,0.0,0.0
991,2814941,0.0,1.0,0.0,0.0
992,2814994,0.0,1.0,0.0,0.0
993,2794530,1.0,0.0,0.0,0.0
994,2794524,1.0,0.0,0.0,0.0
995,2794506,1.0,0.0,0.0,0.0
996,2794478,1.0,0.0,0.0,0.0
997,2794464,1.0,0.0,0.0,0.0
998,2794484,1.0,0.0,0.0,0.0
999,2794471,1.0,0.0,0.0,0.0
1000,2794485,1.0,0.0,0.0,0.0
1001,2794519,1.0,0.0,0.0,0.0
1002,2794563,1.0,0.0,0.0,0.0
1003,2794535,1.0,0.0,0.0,0.0
1004,2794556,1.0,0.0,0.0,0.0
1005,2794507,1.0,0.0,0.0,0.0
1006,2794474,1.0,0.0,0.0,0.0
1007,2794488,1.0,0.0,0.0,0.0
1008,2794487,1.0,0.0,0.0,0.0
1009,2794522,1.0,0.0,0.0,0.0
1010,2794493,1.0,0.0,0.0,0.0
1011,2794553,1.0,0.0,0.0,0.0
1012,2794491,1.0,0.0,0.0,0.0
1013,2794490,1.0,0.0,0.0,0.0
1014,2794489,1.0,0.0,0.0,0.0
1015,2794509,1.0,0.0,0.0,0.0
1016,2794555,1.0,0.0,0.0,0.0
1017,2794492,1.0,0.0,0.0,0.0
1018,2794538,1.0,0.0,0.0,0.0
1019,2794521,1.0,0.0,0.0,0.0
1020,2794517,1.0,0.0,0.0,0.0
1021,2794554,1.0,0.0,0.0,0.0
1022,2794494,1.0,0.0,0.0,0.0
1023,2794532,1.0,0.0,0.0,0.0
1024,2794537,1.0,0.0,0.0,0.0
1025,2794520,1.0,0.0,0.0,0.0
1026,2794508,1.0,0.0,0.0,0.0
1027,2794467,1.0,0.0,0.0,0.0
1028,2794463,1.0,0.0,0.0,0.0
1029,2794466,1.0,0.0,0.0,0.0
1030,2794469,1.0,0.0,0.0,0.0
1031,2794505,1.0,0.0,0.0,0.0
1032,2794515,1.0,0.0,0.0,0.0
1033,2794564,1.0,0.0,0.0,0.0
1034,2794569,1.0,0.0,0.0,0.0
1035,2794465,1.0,0.0,0.0,0.0
1036,2794468,1.0,0.0,0.0,0.0
1037,2794504,1.0,0.0,0.0,0.0
1038,2794566,1.0,0.0,0.0,0.0
1039,2794486,1.0,0.0,0.0,0.0
1040,2794479,1.0,0.0,0.0,0.0
1041,2814997,0.0,1.0,0.0,0.0
1042,2815000,0.0,1.0,0.0,0.0
1043,2815004,0.0,1.0,0.0,0.0
1044,2815002,0.0,1.0,0.0,0.0
1045,2815022,,,,
1046,2815024,,,,
1047,2815026,,,,
1048,2815027,,,,
1049,2815029,,,,
1050,2815035,,,,
1051,2815045,,,,
1052,2815039,,,,
1053,2815043,,,,
1054,2815047,,,,
1055,2815049,,,,
1056,2815050,,,,
1057,2815051,,,,
1058,2815053,,,,
1059,2815055,,,,
1060,2815057,,,,
1061,2815059,,,,
1062,2815060,,,,
1063,2815061,,,,
1064,2815062,,,,
1065,2815018,,,,
1066,2815023,,,,
1067,2815020,,,,
1068,2815025,,,,
1069,2815028,,,,
1070,2815030,,,,
1071,2815034,,,,
1072,2815037,,,,
1073,2815040,,,,
1074,2815041,,,,
1075,2815046,,,,
1076,2815048,,,,
1077,2815052,,,,
1078,2815054,,,,
1079,2815056,,,,
1080,2815063,,,,
1081,2814949,0.0,1.0,0.0,0.0
1082,2814950,0.0,1.0,0.0,0.0
1083,2814991,0.0,1.0,0.0,0.0
1084,2818228,0.0,1.0,0.0,0.0
1085,1306817,0.0,0.0,1.0,0.0
1086,2169685,0.0,1.0,0.0,0.0
1087,12110,1.0,0.0,0.0,0.0
1088,2814911,0.0,0.0,1.0,0.0
1089,2814912,0.0,0.0,1.0,0.0
1090,2814913,0.0,0.0,1.0,0.0
1091,2814914,0.0,0.0,1.0,0.0
1092,3052465,1.0,0.0,0.0,0.0
1093,2811215,0.0,1.0,0.0,0.0
1094,2811223,0.0,1.0,0.0,0.0
1095,2810801,1.0,0.0,0.0,0.0
1096,2803188,0.0,1.0,0.0,0.0
1097,2803189,0.0,1.0,0.0,0.0
1098,3052371,0.0,1.0,0.0,0.0
1099,2798287,0.0,0.0,1.0,0.0
1100,2798291,0.0,1.0,0.0,0.0
1101,2798288,0.0,1.0,0.0,0.0
1102,2798286,0.0,1.0,0.0,0.0
1103,2798289,1.0,0.0,0.0,0.0
1104,2798290,0.0,1.0,0.0,0.0
1105,2785213,1.0,0.0,0.0,0.0
1106,2794340,0.0,0.0,1.0,0.0
1107,11023,1.0,0.0,0.0,0.0
1108,2781379,0.0,1.0,0.0,0.0
1109,2781382,,,,
1110,2781374,0.0,1.0,0.0,0.0
1111,2781380,0.0,1.0,0.0,0.0
1112,2781381,0.0,1.0,0.0,0.0
1113,2781378,0.0,1.0,0.0,0.0
1114,2781375,0.0,1.0,0.0,0.0
1115,2781376,0.0,1.0,0.0,0.0
1116,2779174,0.0,0.0,1.0,0.0
1117,2777463,1.0,0.0,0.0,0.0
1118,2777467,1.0,0.0,0.0,0.0
1119,2777469,1.0,0.0,0.0,0.0
1120,2766951,0.0,1.0,0.0,0.0
1121,59301,1.0,0.0,0.0,0.0
1122,2759496,0.0,1.0,0.0,0.0
1123,2583050,0.0,1.0,0.0,0.0
1124,2761208,,,,
1125,2761209,,,,
1126,2761173,,,,
1127,2761174,,,,
1128,2761171,,,,
1129,2761172,,,,
1130,2761187,,,,
1131,2761185,,,,
1132,2761188,,,,
1133,2761175,,,,
1134,2761176,,,,
1135,2761177,,,,
1136,2761178,,,,
1137,2761179,,,,
1138,2761180,,,,
1139,2761181,,,,
1140,2761186,,,,
1141,2761182,,,,
1142,2761183,,,,
1143,2761184,,,,
1144,2761196,,,,
1145,2761189,,,,
1146,2761190,,,,
1147,2761191,,,,
1148,2761192,,,,
1149,2761193,,,,
1150,2761194,,,,
1151,2761195,,,,
1152,2761197,,,,
1153,2761198,,,,
1154,2761199,,,,
1155,2761200,,,,
1156,2761201,,,,
1157,2761202,,,,
1158,2761203,,,,
1159,2761204,,,,
1160,2761205,,,,
1161,2761206,,,,
1162,2761207,,,,
1163,2759417,1.0,0.0,0.0,0.0
1164,2759407,1.0,0.0,0.0,0.0
1165,2759406,1.0,0.0,0.0,0.0
1166,2759420,1.0,0.0,0.0,0.0
1167,2759403,1.0,0.0,0.0,0.0
1168,2759404,1.0,0.0,0.0,0.0
1169,2759405,1.0,0.0,0.0,0.0
1170,2759402,1.0,0.0,0.0,0.0
1171,2759604,1.0,0.0,0.0,0.0
1172,2759408,1.0,0.0,0.0,0.0
1173,2759411,0.0,1.0,0.0,0.0
1174,2759413,0.0,1.0,0.0,0.0
1175,2759416,0.0,1.0,0.0,0.0
1176,2759415,0.0,1.0,0.0,0.0
1177,2759412,0.0,1.0,0.0,0.0
1178,2759419,0.0,1.0,0.0,0.0
1179,2592492,0.0,1.0,0.0,0.0
1180,2759414,0.0,1.0,0.0,0.0
1181,2558248,0.0,0.0,1.0,0.0
1182,2681591,0.0,0.0,1.0,0.0
1183,2590836,1.0,0.0,0.0,0.0
1184,2744857,0.0,0.0,1.0,0.0
1185,2728828,0.0,0.0,1.0,0.0
1186,2735304,1.0,0.0,0.0,0.0
1187,2735305,1.0,0.0,0.0,0.0
1188,2737672,0.0,0.0,1.0,0.0
1189,2737701,0.0,0.0,1.0,0.0
1190,2737667,1.0,0.0,0.0,0.0
1191,2737666,1.0,0.0,0.0,0.0
1192,240876,0.0,0.0,1.0,0.0
1193,2734904,0.0,0.0,1.0,0.0
1194,2734905,0.0,0.0,1.0,0.0
1195,1954248,0.0,1.0,0.0,0.0
1196,2715178,1.0,0.0,0.0,0.0
1197,2715103,,,,
1198,1341019,1.0,0.0,0.0,0.0
1199,2448649,1.0,0.0,0.0,0.0
1200,3052686,0.0,0.0,1.0,0.0
1201,2707191,0.0,0.0,1.0,0.0
1202,2707265,,,,
1203,2707192,,,,
1204,2707281,,,,
1205,2707247,,,,
1206,2707261,,,,
1207,2707258,,,,
1208,2707267,,,,
1209,2707241,,,,
1210,2707282,,,,
1211,2707225,,,,
1212,2707260,,,,
1213,2707222,,,,
1214,2707276,,,,
1215,2707213,,,,
1216,2707244,,,,
1217,2707269,,,,
1218,2707259,,,,
1219,2707217,,,,
1220,2707245,,,,
1221,2707268,,,,
1222,2707223,,,,
1223,2707279,,,,
1224,2707226,,,,
1225,2707255,,,,
1226,2707270,,,,
1227,2707251,,,,
1228,2707239,,,,
1229,2707215,,,,
1230,2707274,,,,
1231,2707236,,,,
1232,2707212,,,,
1233,2707273,,,,
1234,2707271,,,,
1235,2707264,,,,
1236,2707229,,,,
1237,2707262,,,,
1238,2707220,,,,
1239,2707201,,,,
1240,2707195,,,,
1241,2707254,,,,
1242,2707277,,,,
1243,2707286,,,,
1244,2707238,,,,
1245,2707206,,,,
1246,2707250,,,,
1247,2707266,,,,
1248,2707193,,,,
1249,2707230,,,,
1250,2707234,,,,
1251,2707231,,,,
1252,2707194,,,,
1253,2707228,,,,
1254,2707196,,,,
1255,2707227,,,,
1256,2707242,,,,
1257,2707209,,,,
1258,2707208,,,,
1259,2707275,,,,
1260,2707246,,,,
1261,2707240,,,,
1262,2707224,,,,
1263,2707204,,,,
1264,2707198,,,,
1265,2707290,,,,
1266,2707289,,,,
1267,2707283,,,,
1268,2707287,,,,
1269,2707278,,,,
1270,2707272,,,,
1271,2707207,,,,
1272,2707210,,,,
1273,2707200,,,,
1274,2707197,,,,
1275,2707263,,,,
1276,2707256,,,,
1277,2707205,,,,
1278,2707249,,,,
1279,2707214,,,,
1280,2707233,,,,
1281,2707199,,,,
1282,2707285,,,,
1283,2707232,,,,
1284,2707203,,,,
1285,2707219,,,,
1286,2707216,,,,
1287,2707253,,,,
1288,2707235,,,,
1289,2707284,,,,
1290,2707288,,,,
1291,2707211,,,,
1292,2707248,,,,
1293,2720902,,,,
1294,2720903,,,,
1295,2720900,,,,
1296,2720901,,,,
1297,2720905,,,,
1298,2720906,,,,
1299,2720909,,,,
1300,2720912,,,,
1301,2720910,,,,
1302,2720904,,,,
1303,2720908,,,,
1304,2720911,,,,
1305,2720913,,,,
1306,2720954,1.0,0.0,0.0,0.0
1307,2720955,1.0,0.0,0.0,0.0
1308,2720956,1.0,0.0,0.0,0.0
1309,2720938,0.0,1.0,0.0,0.0
1310,2720939,0.0,1.0,0.0,0.0
1311,2720940,0.0,1.0,0.0,0.0
1312,2720943,0.0,1.0,0.0,0.0
1313,2720944,0.0,1.0,0.0,0.0
1314,2720947,0.0,1.0,0.0,0.0
1315,2720948,0.0,1.0,0.0,0.0
1316,2720950,0.0,1.0,0.0,0.0
1317,2720953,0.0,1.0,0.0,0.0
1318,2720937,0.0,1.0,0.0,0.0
1319,2720957,0.0,0.0,0.0,0.0
1320,2720963,0.0,0.0,0.0,0.0
1321,2720964,0.0,0.0,0.0,0.0
1322,2720965,0.0,0.0,0.0,0.0
1323,2720967,0.0,0.0,0.0,0.0
1324,2717890,0.0,0.0,1.0,0.0
1325,2717889,0.0,0.0,1.0,0.0
1326,2233537,0.0,0.0,1.0,0.0
1327,608831,0.0,0.0,1.0,0.0
1328,2582417,0.0,0.0,1.0,0.0
1329,2582418,0.0,0.0,1.0,0.0
1330,2712699,1.0,0.0,0.0,0.0
1331,2711208,,,,
1332,3048184,1.0,0.0,0.0,0.0
1333,3050271,0.0,0.0,1.0,0.0
1334,2510842,0.0,0.0,1.0,0.0
1335,2846013,0.0,1.0,0.0,0.0
1336,1962258,1.0,0.0,0.0,0.0
1337,2691032,0.0,0.0,1.0,0.0
1338,2691031,0.0,0.0,1.0,0.0
1339,2682574,1.0,0.0,0.0,0.0
1340,2681776,1.0,0.0,0.0,0.0
1341,2670734,0.0,0.0,1.0,0.0
1342,1146873,0.0,0.0,1.0,0.0
1343,2651593,0.0,1.0,0.0,0.0
1344,2651592,0.0,1.0,0.0,0.0
1345,2654971,1.0,0.0,0.0,0.0
1346,2609083,0.0,0.0,1.0,0.0
1347,2609082,0.0,0.0,1.0,0.0
1348,1391178,0.0,0.0,1.0,0.0
1349,2604331,0.0,1.0,0.0,0.0
1350,2604332,0.0,1.0,0.0,0.0
1351,2604333,0.0,1.0,0.0,0.0
1352,3059863,1.0,0.0,0.0,0.0
1353,3059966,1.0,0.0,0.0,0.0
1354,11983,0.0,1.0,0.0,0.0
1355,2605442,0.0,1.0,0.0,0.0
1356,2605443,0.0,0.0,1.0,0.0
1357,2605444,0.0,0.0,1.0,0.0
1358,2602416,0.0,1.0,0.0,0.0
1359,2592512,0.0,1.0,0.0,0.0
1360,2592516,0.0,1.0,0.0,0.0
1361,2592520,0.0,1.0,0.0,0.0
1362,2724194,0.0,0.0,1.0,0.0
1363,2592521,0.0,1.0,0.0,0.0
1364,2592494,0.0,1.0,0.0,0.0
1365,2592487,0.0,1.0,0.0,0.0
1366,2592488,1.0,0.0,0.0,0.0
1367,2592489,0.0,1.0,0.0,0.0
1368,2592491,0.0,1.0,0.0,0.0
1369,2592490,0.0,1.0,0.0,0.0
1370,2592486,0.0,1.0,0.0,0.0
1371,10407,0.0,0.0,1.0,0.0
1372,2592511,0.0,1.0,0.0,0.0
1373,2592510,0.0,1.0,0.0,0.0
1374,2592509,0.0,1.0,0.0,0.0
1375,2592493,0.0,1.0,0.0,0.0
1376,2592517,0.0,1.0,0.0,0.0
1377,2592518,0.0,1.0,0.0,0.0
1378,2571168,0.0,0.0,0.0,1.0
1379,2571169,0.0,0.0,0.0,1.0
1380,2565395,,,,
1381,2565399,,,,
1382,2565391,0.0,1.0,0.0,0.0
1383,2565393,0.0,1.0,0.0,0.0
1384,2565394,0.0,1.0,0.0,0.0
1385,2576440,0.0,1.0,0.0,0.0
1386,2576226,0.0,1.0,0.0,0.0
1387,2576227,0.0,1.0,0.0,0.0
1388,2576228,0.0,1.0,0.0,0.0
1389,2576229,0.0,1.0,0.0,0.0
1390,2565896,0.0,1.0,0.0,0.0
1391,2562557,0.0,1.0,0.0,0.0
1392,2562546,0.0,1.0,0.0,0.0
1393,2562547,0.0,1.0,0.0,0.0
1394,2562551,0.0,1.0,0.0,0.0
1395,2562548,0.0,1.0,0.0,0.0
1396,2562549,0.0,1.0,0.0,0.0
1397,2562550,0.0,1.0,0.0,0.0
1398,2562552,0.0,1.0,0.0,0.0
1399,2562553,0.0,1.0,0.0,0.0
1400,2562554,0.0,1.0,0.0,0.0
1401,2562555,0.0,1.0,0.0,0.0
1402,2562556,0.0,1.0,0.0,0.0
1403,2518641,0.0,1.0,0.0,0.0
1404,2495901,1.0,0.0,0.0,0.0
1405,2282480,1.0,0.0,0.0,0.0
1406,2489502,0.0,0.0,1.0,0.0
1407,2212748,0.0,1.0,0.0,0.0
1408,2212749,0.0,1.0,0.0,0.0
1409,2212751,0.0,1.0,0.0,0.0
1410,2212755,0.0,1.0,0.0,0.0
1411,2212790,0.0,1.0,0.0,0.0
1412,2212758,0.0,1.0,0.0,0.0
1413,2212761,0.0,0.0,1.0,0.0
1414,2212768,0.0,1.0,0.0,0.0
1415,2212769,0.0,1.0,0.0,0.0
1416,2212774,0.0,0.0,1.0,0.0
1417,2212776,0.0,1.0,0.0,0.0
1418,2212779,0.0,1.0,0.0,0.0
1419,2212780,0.0,1.0,0.0,0.0
1420,2212781,0.0,1.0,0.0,0.0
1421,2212784,0.0,0.0,1.0,0.0
1422,197771,0.0,0.0,1.0,0.0
1423,2844056,0.0,1.0,0.0,0.0
1424,2320697,0.0,0.0,1.0,0.0
1425,1972612,0.0,1.0,0.0,0.0
1426,2304618,0.0,1.0,0.0,0.0
1427,2304054,0.0,0.0,1.0,0.0
1428,2249315,0.0,0.0,1.0,0.0
1429,2109366,1.0,0.0,0.0,0.0
1430,1330520,0.0,1.0,0.0,0.0
1431,11036,1.0,0.0,0.0,0.0
1432,291484,1.0,0.0,0.0,0.0
1433,1941434,1.0,0.0,0.0,0.0
1434,2219863,0.0,0.0,1.0,0.0
1435,2218660,0.0,1.0,0.0,0.0
1436,2560765,0.0,1.0,0.0,0.0
1437,2010275,,,,
1438,2217650,,,,
1439,2956041,,,,
1440,2219104,0.0,0.0,1.0,0.0
1441,2184269,0.0,1.0,0.0,0.0
1442,2078576,0.0,0.0,1.0,0.0
1443,2078577,0.0,0.0,1.0,0.0
1444,2078583,0.0,0.0,1.0,0.0
1445,2078581,0.0,0.0,1.0,0.0
1446,2171489,0.0,0.0,1.0,0.0
1447,2162686,0.0,0.0,1.0,0.0
1448,1534550,0.0,1.0,0.0,0.0
1449,2108520,0.0,1.0,0.0,0.0
1450,2115844,0.0,0.0,1.0,0.0
1451,2115842,0.0,0.0,1.0,0.0
1452,2115843,0.0,0.0,1.0,0.0
1453,2094724,0.0,1.0,0.0,0.0
1454,2094725,0.0,1.0,0.0,0.0
1455,3052393,0.0,1.0,0.0,0.0
1456,2086357,0.0,0.0,1.0,0.0
1457,2086349,0.0,0.0,1.0,0.0
1458,2080834,0.0,1.0,0.0,0.0
1459,2734526,0.0,1.0,0.0,0.0
1460,3059865,1.0,0.0,0.0,0.0
1461,3059866,1.0,0.0,0.0,0.0
1462,3059867,1.0,0.0,0.0,0.0
1463,3059868,1.0,0.0,0.0,0.0
1464,1934038,0.0,0.0,1.0,0.0
1465,1934040,0.0,0.0,1.0,0.0
1466,10535,0.0,0.0,1.0,0.0
1467,2109652,0.0,0.0,0.0,1.0
1468,2734546,0.0,1.0,0.0,0.0
1469,1964371,0.0,1.0,0.0,0.0
1470,2019388,0.0,0.0,1.0,0.0
1471,2019389,0.0,0.0,1.0,0.0
1472,3052274,0.0,1.0,0.0,0.0
1473,1839669,0.0,1.0,0.0,0.0
1474,11039,1.0,0.0,0.0,0.0
1475,1239437,0.0,1.0,0.0,0.0
1476,3052510,0.0,0.0,1.0,0.0
1477,1566005,0.0,1.0,0.0,0.0
1478,878330,0.0,0.0,1.0,0.0
1479,3048287,1.0,0.0,0.0,0.0
1480,1930308,1.0,0.0,0.0,0.0
1481,1924072,0.0,0.0,1.0,0.0
1482,1923352,,,,
1483,1923347,,,,
1484,1923349,,,,
1485,1923348,,,,
1486,1923346,,,,
1487,2955389,1.0,0.0,0.0,0.0
1488,1884826,0.0,0.0,1.0,0.0
1489,1891777,0.0,0.0,1.0,0.0
1490,1891778,0.0,0.0,1.0,0.0
1491,1891779,0.0,0.0,1.0,0.0
1492,1891780,0.0,0.0,1.0,0.0
1493,1803957,0.0,1.0,0.0,0.0
1494,130309,0.0,0.0,1.0,0.0
1495,1615847,0.0,0.0,1.0,0.0
1496,1871151,0.0,1.0,0.0,0.0
1497,1871152,0.0,1.0,0.0,0.0
1498,1871150,0.0,1.0,0.0,0.0
1499,1871149,0.0,1.0,0.0,0.0
1500,1867231,0.0,1.0,0.0,0.0
1501,1856564,0.0,0.0,1.0,0.0
1502,2844444,0.0,1.0,0.0,0.0
1503,1656227,0.0,0.0,1.0,0.0
1504,1770252,0.0,0.0,1.0,0.0
1505,1819751,0.0,1.0,0.0,0.0
1506,1819752,0.0,1.0,0.0,0.0
1507,2734439,0.0,0.0,1.0,0.0
1508,1692171,0.0,0.0,1.0,0.0
1509,1006326,0.0,0.0,1.0,0.0
1510,1608258,0.0,0.0,1.0,0.0
1511,1649335,0.0,0.0,1.0,0.0
1512,1770233,0.0,0.0,1.0,0.0
1513,2734519,0.0,1.0,0.0,0.0
1514,1766560,0.0,1.0,0.0,0.0
1515,1766563,0.0,1.0,0.0,0.0
1516,1766566,0.0,1.0,0.0,0.0
1517,1766564,0.0,1.0,0.0,0.0
1518,1766567,0.0,1.0,0.0,0.0
1519,1766561,0.0,1.0,0.0,0.0
1520,1766562,0.0,1.0,0.0,0.0
1521,1756707,0.0,0.0,1.0,0.0
1522,1752874,0.0,1.0,0.0,0.0
1523,1740857,0.0,0.0,1.0,0.0
1524,1652541,0.0,0.0,1.0,0.0
1525,1711931,1.0,0.0,0.0,0.0
1526,1711932,1.0,0.0,0.0,0.0
1527,1539747,0.0,1.0,0.0,0.0
1528,2734509,0.0,0.0,1.0,0.0
1529,694003,0.0,0.0,1.0,0.0
1530,1697925,0.0,0.0,1.0,0.0
1531,1697926,0.0,0.0,1.0,0.0
1532,1566334,0.0,1.0,0.0,0.0
1533,1566335,0.0,1.0,0.0,0.0
1534,1566336,1.0,0.0,0.0,0.0
1535,1566337,0.0,1.0,0.0,0.0
1536,1671381,0.0,1.0,0.0,0.0
1537,1643444,0.0,0.0,1.0,0.0
1538,11292,0.0,0.0,1.0,0.0
1539,1638619,0.0,0.0,1.0,0.0
1540,3048154,1.0,0.0,0.0,0.0
1541,2734342,1.0,0.0,0.0,0.0
1542,1586002,0.0,1.0,0.0,0.0
1543,1569592,0.0,0.0,1.0,0.0
1544,39566,0.0,0.0,1.0,0.0
1545,72149,0.0,1.0,0.0,0.0
1546,1333866,0.0,0.0,1.0,0.0
1547,1511774,0.0,0.0,1.0,0.0
1548,1434087,0.0,0.0,1.0,0.0
1549,1434089,0.0,0.0,1.0,0.0
1550,1434090,0.0,0.0,1.0,0.0
1551,1434091,0.0,0.0,1.0,0.0
1552,1434092,0.0,0.0,1.0,0.0
1553,1434093,0.0,0.0,1.0,0.0
1554,1434094,0.0,0.0,1.0,0.0
1555,1497566,0.0,1.0,0.0,0.0
1556,1496299,0.0,0.0,1.0,0.0
1557,1496300,0.0,0.0,1.0,0.0
1558,1496301,0.0,0.0,1.0,0.0
1559,1494923,0.0,1.0,0.0,0.0
1560,1344564,0.0,1.0,0.0,0.0
1561,1344565,0.0,0.0,1.0,0.0
1562,1484571,1.0,0.0,0.0,0.0
1563,1465725,0.0,0.0,1.0,0.0
1564,1446361,0.0,0.0,1.0,0.0
1565,11955,0.0,1.0,0.0,0.0
1566,1382266,0.0,1.0,0.0,0.0
1567,3051982,1.0,0.0,0.0,0.0
1568,1400257,0.0,0.0,1.0,0.0
1569,1353791,0.0,1.0,0.0,0.0
1570,1353792,0.0,1.0,0.0,0.0
1571,2844422,0.0,1.0,0.0,0.0
1572,1593423,0.0,1.0,0.0,0.0
1573,1367520,0.0,0.0,1.0,0.0
1574,1367521,0.0,0.0,1.0,0.0
1575,1367523,0.0,0.0,1.0,0.0
1576,1367517,0.0,0.0,1.0,0.0
1577,1367522,0.0,0.0,1.0,0.0
1578,1367525,0.0,0.0,1.0,0.0
1579,1367526,0.0,0.0,1.0,0.0
1580,1367527,0.0,0.0,1.0,0.0
1581,1367518,0.0,0.0,1.0,0.0
1582,1367524,0.0,0.0,1.0,0.0
1583,1367519,0.0,0.0,1.0,0.0
1584,1367515,0.0,0.0,1.0,0.0
1585,1367516,0.0,0.0,1.0,0.0
1586,3047966,1.0,0.0,0.0,0.0
1587,1337067,0.0,0.0,1.0,0.0
1588,1176481,0.0,1.0,0.0,0.0
1589,1291378,0.0,0.0,1.0,0.0
1590,1294115,0.0,0.0,1.0,0.0
1591,1294100,0.0,0.0,1.0,0.0
1592,1294108,0.0,0.0,1.0,0.0
1593,462818,0.0,0.0,1.0,0.0
1594,1294095,0.0,0.0,1.0,0.0
1595,1294099,0.0,0.0,1.0,0.0
1596,1294112,0.0,0.0,1.0,0.0
1597,1294113,0.0,0.0,1.0,0.0
1598,1294090,0.0,0.0,1.0,0.0
1599,1294089,0.0,0.0,1.0,0.0
1600,1294117,0.0,0.0,1.0,0.0
1601,1294104,0.0,0.0,1.0,0.0
1602,1294091,0.0,0.0,1.0,0.0
1603,1294119,0.0,0.0,1.0,0.0
1604,1294114,0.0,0.0,1.0,0.0
1605,1294109,0.0,0.0,1.0,0.0
1606,1294101,0.0,0.0,1.0,0.0
1607,1294094,0.0,0.0,1.0,0.0
1608,1294097,0.0,0.0,1.0,0.0
1609,1294105,0.0,0.0,1.0,0.0
1610,1294116,0.0,0.0,1.0,0.0
1611,1294110,0.0,0.0,1.0,0.0
1612,1294118,0.0,0.0,1.0,0.0
1613,1294103,0.0,0.0,1.0,0.0
1614,1294096,0.0,0.0,1.0,0.0
1615,1294120,0.0,0.0,1.0,0.0
1616,1294102,0.0,0.0,1.0,0.0
1617,1294111,0.0,0.0,1.0,0.0
1618,1294093,0.0,0.0,1.0,0.0
1619,1294106,0.0,0.0,1.0,0.0
1620,1294107,0.0,0.0,1.0,0.0
1621,1281442,0.0,0.0,1.0,0.0
1622,1281441,0.0,0.0,1.0,0.0
1623,1272938,0.0,0.0,1.0,0.0
1624,1272944,0.0,0.0,1.0,0.0
1625,1272950,0.0,0.0,1.0,0.0
1626,2956484,0.0,0.0,1.0,0.0
1627,1267906,0.0,1.0,0.0,0.0
1628,1237714,0.0,0.0,1.0,0.0
1629,1151044,0.0,0.0,1.0,0.0
1630,1259810,0.0,0.0,1.0,0.0
1631,1216504,1.0,0.0,0.0,0.0
1632,1234869,0.0,0.0,1.0,0.0
1633,1208385,1.0,0.0,0.0,0.0
1634,393049,0.0,1.0,0.0,0.0
1635,1176578,0.0,0.0,1.0,0.0
1636,1170688,0.0,0.0,1.0,0.0
1637,1166568,0.0,1.0,0.0,0.0
1638,1049185,0.0,0.0,1.0,0.0
1639,1105348,0.0,1.0,0.0,0.0
1640,1133595,0.0,0.0,1.0,0.0
1641,990662,0.0,1.0,0.0,0.0
1642,990664,0.0,1.0,0.0,0.0
1643,990665,0.0,1.0,0.0,0.0
1644,990666,0.0,1.0,0.0,0.0
1645,990668,0.0,1.0,0.0,0.0
1646,990669,0.0,1.0,0.0,0.0
1647,990670,0.0,1.0,0.0,0.0
1648,990663,0.0,1.0,0.0,0.0
1649,990667,0.0,1.0,0.0,0.0
1650,886981,0.0,0.0,1.0,0.0
1651,886982,0.0,0.0,1.0,0.0
1652,886983,0.0,0.0,1.0,0.0
1653,886984,0.0,0.0,1.0,0.0
1654,886985,0.0,0.0,1.0,0.0
1655,1095754,1.0,0.0,0.0,0.0
1656,1098913,0.0,0.0,1.0,0.0
1657,1093105,1.0,0.0,0.0,0.0
1658,1090532,1.0,0.0,0.0,0.0
1659,1082545,1.0,0.0,0.0,0.0
1660,1086585,1.0,0.0,0.0,0.0
1661,1085621,1.0,0.0,0.0,0.0
1662,1081802,1.0,0.0,0.0,0.0
1663,1081803,1.0,0.0,0.0,0.0
1664,1081804,1.0,0.0,0.0,0.0
1665,1081805,1.0,0.0,0.0,0.0
1666,1081806,1.0,0.0,0.0,0.0
1667,1081807,1.0,0.0,0.0,0.0
1668,1070859,1.0,0.0,0.0,0.0
1669,1048870,1.0,0.0,0.0,0.0
1670,1048871,1.0,0.0,0.0,0.0
1671,1004021,0.0,0.0,1.0,0.0
1672,1004022,0.0,0.0,1.0,0.0
1673,1047191,0.0,0.0,1.0,0.0
1674,1047192,0.0,0.0,1.0,0.0
1675,1047193,0.0,0.0,1.0,0.0
1676,1047194,0.0,0.0,1.0,0.0
1677,1047195,0.0,0.0,1.0,0.0
1678,1047199,0.0,0.0,1.0,0.0
1679,1047201,0.0,0.0,1.0,0.0
1680,1047198,0.0,0.0,1.0,0.0
1681,1047200,0.0,0.0,1.0,0.0
1682,1047203,0.0,0.0,1.0,0.0
1683,1047202,0.0,0.0,1.0,0.0
1684,1047197,0.0,0.0,1.0,0.0
1685,1047205,0.0,0.0,1.0,0.0
1686,1047190,0.0,0.0,1.0,0.0
1687,1047204,0.0,0.0,1.0,0.0
1688,1047196,0.0,0.0,1.0,0.0
1689,928290,0.0,1.0,0.0,0.0
1690,995017,1.0,0.0,0.0,0.0
1691,576892,0.0,0.0,1.0,0.0
1692,41996,0.0,1.0,0.0,0.0
1693,856735,0.0,0.0,1.0,0.0
1694,1006327,0.0,0.0,1.0,0.0
1695,1004778,0.0,0.0,1.0,0.0
1696,1001627,0.0,1.0,0.0,0.0
1697,1001628,0.0,1.0,0.0,0.0
1698,795166,0.0,0.0,1.0,0.0
1699,795157,0.0,0.0,1.0,0.0
1700,795158,0.0,0.0,1.0,0.0
1701,795159,0.0,0.0,1.0,0.0
1702,795160,0.0,0.0,1.0,0.0
1703,795161,0.0,0.0,1.0,0.0
1704,795162,0.0,0.0,1.0,0.0
1705,795163,0.0,0.0,1.0,0.0
1706,795167,0.0,0.0,1.0,0.0
1707,795164,0.0,0.0,1.0,0.0
1708,795165,0.0,0.0,1.0,0.0
1709,795168,0.0,0.0,1.0,0.0
1710,881308,1.0,0.0,0.0,0.0
1711,881305,1.0,0.0,0.0,0.0
1712,881306,1.0,0.0,0.0,0.0
1713,881307,1.0,0.0,0.0,0.0
1714,881311,1.0,0.0,0.0,0.0
1715,881312,1.0,0.0,0.0,0.0
1716,881302,1.0,0.0,0.0,0.0
1717,881303,1.0,0.0,0.0,0.0
1718,881304,1.0,0.0,0.0,0.0
1719,881309,1.0,0.0,0.0,0.0
1720,881310,1.0,0.0,0.0,0.0
1721,881301,1.0,0.0,0.0,0.0
1722,986718,0.0,0.0,1.0,0.0
1723,986719,0.0,0.0,1.0,0.0
1724,986720,0.0,0.0,1.0,0.0
1725,986722,0.0,0.0,1.0,0.0
1726,986723,0.0,0.0,1.0,0.0
1727,986724,0.0,0.0,1.0,0.0
1728,986725,0.0,0.0,1.0,0.0
1729,986726,0.0,0.0,1.0,0.0
1730,986727,0.0,0.0,1.0,0.0
1731,986728,0.0,0.0,1.0,0.0
1732,986729,0.0,0.0,1.0,0.0
1733,984282,1.0,0.0,0.0,0.0
1734,984281,1.0,0.0,0.0,0.0
1735,984280,1.0,0.0,0.0,0.0
1736,984279,1.0,0.0,0.0,0.0
1737,984277,1.0,0.0,0.0,0.0
1738,984276,1.0,0.0,0.0,0.0
1739,984275,1.0,0.0,0.0,0.0
1740,984274,1.0,0.0,0.0,0.0
1741,984278,1.0,0.0,0.0,0.0
1742,944993,0.0,0.0,1.0,0.0
1743,936150,0.0,0.0,1.0,0.0
1744,704179,0.0,0.0,1.0,0.0
1745,690691,0.0,0.0,1.0,0.0
1746,911322,0.0,0.0,1.0,0.0
1747,911323,0.0,0.0,1.0,0.0
1748,911324,0.0,0.0,1.0,0.0
1749,911325,0.0,0.0,1.0,0.0
1750,3052468,1.0,0.0,0.0,0.0
1751,880350,0.0,0.0,1.0,0.0
1752,762506,1.0,0.0,0.0,0.0
1753,762507,1.0,0.0,0.0,0.0
1754,762508,1.0,0.0,0.0,0.0
1755,762509,1.0,0.0,0.0,0.0
1756,762510,1.0,0.0,0.0,0.0
1757,762511,1.0,0.0,0.0,0.0
1758,48544,1.0,0.0,0.0,0.0
1759,742974,1.0,0.0,0.0,0.0
1760,742975,1.0,0.0,0.0,0.0
1761,742976,1.0,0.0,0.0,0.0
1762,742977,1.0,0.0,0.0,0.0
1763,742978,1.0,0.0,0.0,0.0
1764,742979,1.0,0.0,0.0,0.0
1765,742980,1.0,0.0,0.0,0.0
1766,742981,1.0,0.0,0.0,0.0
1767,742982,1.0,0.0,0.0,0.0
1768,742983,1.0,0.0,0.0,0.0
1769,742984,1.0,0.0,0.0,0.0
1770,742985,1.0,0.0,0.0,0.0
1771,742986,1.0,0.0,0.0,0.0
1772,742987,1.0,0.0,0.0,0.0
1773,742988,1.0,0.0,0.0,0.0
1774,742989,1.0,0.0,0.0,0.0
1775,742990,1.0,0.0,0.0,0.0
1776,742991,1.0,0.0,0.0,0.0
1777,742992,1.0,0.0,0.0,0.0
1778,742993,1.0,0.0,0.0,0.0
1779,742994,1.0,0.0,0.0,0.0
1780,742995,1.0,0.0,0.0,0.0
1781,742996,1.0,0.0,0.0,0.0
1782,742997,1.0,0.0,0.0,0.0
1783,742998,1.0,0.0,0.0,0.0
1784,742999,1.0,0.0,0.0,0.0
1785,743000,1.0,0.0,0.0,0.0
1786,743001,1.0,0.0,0.0,0.0
1787,743002,1.0,0.0,0.0,0.0
1788,743003,1.0,0.0,0.0,0.0
1789,746113,1.0,0.0,0.0,0.0
1790,746112,1.0,0.0,0.0,0.0
1791,692273,0.0,0.0,1.0,0.0
1792,692274,0.0,0.0,1.0,0.0
1793,703584,1.0,0.0,0.0,0.0
1794,690285,0.0,0.0,1.0,0.0
1795,11029,1.0,0.0,0.0,0.0
1796,664644,0.0,0.0,1.0,0.0
1797,664646,0.0,0.0,1.0,0.0
1798,664658,0.0,0.0,1.0,0.0
1799,656810,0.0,0.0,1.0,0.0
1800,656811,0.0,0.0,1.0,0.0
1801,656812,0.0,0.0,1.0,0.0
1802,656813,0.0,0.0,1.0,0.0
1803,656814,0.0,0.0,1.0,0.0
1804,656815,0.0,0.0,1.0,0.0
1805,661056,0.0,0.0,1.0,0.0
1806,661057,0.0,0.0,1.0,0.0
1807,661058,0.0,0.0,1.0,0.0
1808,661059,0.0,0.0,1.0,0.0
1809,661060,0.0,0.0,1.0,0.0
1810,661085,0.0,0.0,1.0,0.0
1811,661065,0.0,0.0,1.0,0.0
1812,661066,0.0,0.0,1.0,0.0
1813,661069,0.0,0.0,1.0,0.0
1814,661070,0.0,0.0,1.0,0.0
1815,661071,0.0,0.0,1.0,0.0
1816,661072,0.0,0.0,1.0,0.0
1817,661073,0.0,0.0,1.0,0.0
1818,661074,0.0,0.0,1.0,0.0
1819,661075,0.0,0.0,1.0,0.0
1820,661076,0.0,0.0,1.0,0.0
1821,661079,0.0,0.0,1.0,0.0
1822,661080,0.0,0.0,1.0,0.0
1823,661081,0.0,0.0,1.0,0.0
1824,661082,0.0,0.0,1.0,0.0
1825,661083,0.0,0.0,1.0,0.0
1826,661084,0.0,0.0,1.0,0.0
1827,661052,0.0,0.0,1.0,0.0
1828,661053,0.0,0.0,1.0,0.0
1829,661054,0.0,0.0,1.0,0.0
1830,661055,0.0,0.0,1.0,0.0
1831,661061,0.0,0.0,1.0,0.0
1832,661062,0.0,0.0,1.0,0.0
1833,661063,0.0,0.0,1.0,0.0
1834,661064,0.0,0.0,1.0,0.0
1835,661067,0.0,0.0,1.0,0.0
1836,661068,0.0,0.0,1.0,0.0
1837,661077,0.0,0.0,1.0,0.0
1838,661078,0.0,0.0,1.0,0.0
1839,569164,0.0,0.0,1.0,0.0
1840,640327,0.0,1.0,0.0,0.0
1841,464094,0.0,1.0,0.0,0.0
1842,643397,0.0,0.0,1.0,0.0
1843,643398,0.0,0.0,1.0,0.0
1844,643399,0.0,0.0,1.0,0.0
1845,643400,0.0,0.0,1.0,0.0
1846,639242,0.0,0.0,1.0,0.0
1847,639243,0.0,0.0,1.0,0.0
1848,639244,0.0,0.0,1.0,0.0
1849,639245,0.0,0.0,1.0,0.0
1850,639246,0.0,0.0,1.0,0.0
1851,639247,0.0,0.0,1.0,0.0
1852,639248,0.0,0.0,1.0,0.0
1853,639249,0.0,0.0,1.0,0.0
1854,639250,0.0,0.0,1.0,0.0
1855,639251,0.0,0.0,1.0,0.0
1856,639252,0.0,0.0,1.0,0.0
1857,639253,0.0,0.0,1.0,0.0
1858,639254,0.0,0.0,1.0,0.0
1859,639255,0.0,0.0,1.0,0.0
1860,639256,0.0,0.0,1.0,0.0
1861,639257,0.0,0.0,1.0,0.0
1862,639258,0.0,0.0,1.0,0.0
1863,639259,0.0,0.0,1.0,0.0
1864,639260,0.0,0.0,1.0,0.0
1865,639261,0.0,0.0,1.0,0.0
1866,639262,0.0,0.0,1.0,0.0
1867,639263,0.0,0.0,1.0,0.0
1868,639264,0.0,0.0,1.0,0.0
1869,639265,0.0,0.0,1.0,0.0
1870,639266,0.0,0.0,1.0,0.0
1871,639267,0.0,0.0,1.0,0.0
1872,639268,0.0,0.0,1.0,0.0
1873,639269,0.0,0.0,1.0,0.0
1874,639270,0.0,0.0,1.0,0.0
1875,639271,0.0,0.0,1.0,0.0
1876,639272,0.0,0.0,1.0,0.0
1877,639273,0.0,0.0,1.0,0.0
1878,639274,0.0,0.0,1.0,0.0
1879,639275,0.0,0.0,1.0,0.0
1880,639276,0.0,0.0,1.0,0.0
1881,639277,0.0,0.0,1.0,0.0
1882,639278,0.0,0.0,1.0,0.0
1883,639279,0.0,0.0,1.0,0.0
1884,639280,0.0,0.0,1.0,0.0
1885,639281,0.0,0.0,1.0,0.0
1886,172858,0.0,0.0,1.0,0.0
1887,569163,0.0,0.0,1.0,0.0
1888,544801,0.0,1.0,0.0,0.0
1889,524890,1.0,0.0,0.0,0.0
1890,565243,0.0,0.0,1.0,0.0
1891,565244,0.0,0.0,1.0,0.0
1892,468376,0.0,0.0,1.0,0.0
1893,468377,0.0,0.0,1.0,0.0
1894,468380,0.0,0.0,1.0,0.0
1895,468378,0.0,0.0,1.0,0.0
1896,468379,0.0,0.0,1.0,0.0
1897,503979,0.0,0.0,1.0,0.0
1898,489824,1.0,0.0,0.0,0.0
1899,381199,1.0,0.0,0.0,0.0
1900,469620,0.0,0.0,1.0,0.0
1901,461346,0.0,0.0,1.0,0.0
1902,408592,0.0,0.0,1.0,0.0
1903,365620,0.0,0.0,1.0,0.0
1904,405092,0.0,0.0,1.0,0.0
1905,431320,0.0,0.0,1.0,0.0
1906,229103,0.0,0.0,1.0,0.0
1907,365621,0.0,0.0,1.0,0.0
1908,199702,0.0,0.0,1.0,0.0
1909,352849,0.0,0.0,1.0,0.0
1910,365612,0.0,0.0,1.0,0.0
1911,416277,1.0,0.0,0.0,0.0
1912,416278,1.0,0.0,0.0,0.0
1913,298903,0.0,1.0,0.0,0.0
1914,285986,0.0,0.0,1.0,0.0
1915,365613,0.0,0.0,1.0,0.0
1916,263954,0.0,0.0,1.0,0.0
1917,263959,0.0,0.0,1.0,0.0
1918,28300,0.0,0.0,1.0,0.0
1919,228177,0.0,0.0,1.0,0.0
1920,227305,0.0,0.0,1.0,0.0
1921,90961,0.0,0.0,1.0,0.0
1922,1714619,0.0,0.0,1.0,0.0
1923,10891,0.0,1.0,0.0,0.0
1924,11945,0.0,1.0,0.0,0.0
1925,53454,0.0,0.0,1.0,0.0
1926,11960,0.0,1.0,0.0,0.0
1927,36381,0.0,0.0,1.0,0.0
1928,12521,,,,
