,taxid,order,family,mass,trophic level,trophic niche,primary lifestyle,range size,habitat,habitat density,migration,evolutionary distinctiveness
0,176066,22.0,78.0,120.0,1.0,7.0,3.0,2854802.75,4.0,2,1,111.1245949867388
1,30387,1.0,6.0,1118.0,1.0,3.0,1.0,6127779.64,9.0,3,2,111.12459498661728
2,241588,22.0,78.0,274.59,1.0,7.0,3.0,1483974.66,2.0,1,1,111.1245949871969
3,64278,16.0,43.0,160.47,2.0,7.0,4.0,5121813.66,4.0,3,1,111.1245949869018
4,224669,0.0,1.0,759.1,0.0,9.0,3.0,16600070.45,3.0,3,2,111.12459498753137
5,2811340,21.0,31.0,8905.61,0.0,0.0,1.0,65315175.79,,3,3,111.12459498716512
6,116992,16.0,94.0,192.0,1.0,1.0,3.0,4058797.99,2.0,1,1,111.12459498732282
7,30414,14.0,40.0,3590.0,2.0,7.0,4.0,2976931.85,9.0,3,1,111.12459498763582
8,75852,1.0,6.0,959.22,1.0,3.0,1.0,210448.78,9.0,3,1,111.1245949865342
9,8928,7.0,21.0,3445.8,0.0,7.0,4.0,5196114.0,3.0,3,3,111.1245949870538
10,1560315,22.0,78.0,163.0,1.0,1.0,3.0,68.35,2.0,1,1,111.12459498663772
11,9187,16.0,102.0,102.73,2.0,7.0,2.0,13987854.76,2.0,2,1,111.12459498767404
12,279940,6.0,88.0,43.01,0.0,0.0,4.0,1363375.36,9.0,3,3,111.12459498638304
13,56351,11.0,34.0,151.49,0.0,5.0,0.0,9360235.41,3.0,3,3,111.12459498638204
14,115651,8.0,23.0,133.86,1.0,7.0,4.0,13251114.74,2.0,1,1,111.12459498600178
15,279964,11.0,34.0,713.07,0.0,9.0,0.0,3975634.14,3.0,3,3,111.12459498643224
16,8895,2.0,8.0,37.6,0.0,5.0,0.0,24779919.71,4.0,1,3,111.12459498775976
17,8957,0.0,1.0,866.04,0.0,9.0,2.0,31775270.74,2.0,1,2,111.12459498710872
18,247542,16.0,33.0,7.6,2.0,2.0,2.0,3732329.06,3.0,3,1,111.12459498678358
19,748877,25.0,92.0,1525.0,0.0,9.0,3.0,1415096.11,2.0,1,1,111.1245949878623
20,301969,19.0,72.0,137.0,0.0,5.0,3.0,17088062.07,2.0,1,1,111.12459498791718
21,84988,12.0,28.0,2600.0,1.0,1.0,4.0,3699369.16,2.0,1,1,111.1245949870952
22,303304,22.0,78.0,783.99,1.0,1.0,3.0,27792.35,2.0,2,1,111.124594987004
23,1158920,17.0,9.0,253.0,0.0,0.0,4.0,3285673.01,9.0,3,2,111.12459498750331
24,36282,16.0,102.0,72.1,2.0,5.0,2.0,1057257.08,2.0,1,3,111.12459498768592
25,453957,11.0,34.0,254.69,0.0,9.0,0.0,501059.82,7.0,3,1,111.1245949864454
26,141836,22.0,14.0,570.0,1.0,7.0,3.0,20920.49,2.0,1,1,111.12459498718395
27,74200,16.0,19.0,18.96,0.0,5.0,3.0,3217727.29,10.0,2,1,111.12459498708412
28,161680,6.0,88.0,288.37,0.0,0.0,4.0,10058061.19,9.0,3,3,111.1245949865532
29,9054,12.0,68.0,1120.31,1.0,7.0,4.0,7426719.32,4.0,2,1,111.124594986421
30,37595,16.0,37.0,29.7,1.0,2.0,4.0,12899942.03,8.0,3,2,111.12459498708697
31,1517834,19.0,72.0,19.8,0.0,5.0,3.0,18548908.46,2.0,1,1,111.12459498699609
32,34933,16.0,81.0,156.4,2.0,7.0,3.0,152782.31,8.0,2,1,111.1245949874793
33,53668,21.0,76.0,177.91,0.0,0.0,0.0,120250835.9,5.0,3,2,111.12459498682044
34,458129,22.0,78.0,251.0,1.0,7.0,3.0,8509155.91,2.0,2,1,111.1245949867887
35,425654,6.0,20.0,61.0,0.0,0.0,4.0,3.89,0.0,3,2,111.12459498677948
36,36241,7.0,21.0,2926.0,0.0,0.0,4.0,18362407.3,10.0,2,3,111.12459498728111
37,211598,0.0,1.0,220.79,0.0,9.0,3.0,23601609.31,2.0,1,2,111.12459498748984
38,115679,8.0,23.0,40.6,1.0,2.0,4.0,9891692.7,8.0,3,2,111.12459498631762
39,217132,6.0,88.0,81.32,0.0,0.0,4.0,320856.4,3.0,3,3,111.12459498618828
40,341451,0.0,1.0,5515.0,3.0,8.0,4.0,1117987.16,3.0,3,1,111.12459498799326
41,31919,6.0,88.0,802.99,0.0,0.0,4.0,12491410.25,3.0,3,3,111.1245949858703
42,141834,22.0,14.0,394.0,1.0,7.0,3.0,32952.62,2.0,1,1,111.1245949872295
43,60182,1.0,6.0,519.61,1.0,3.0,1.0,7094720.18,9.0,3,2,111.12459498633308
44,8840,1.0,6.0,843.42,1.0,3.0,1.0,39707247.47,9.0,3,2,111.12459498653108
45,657411,22.0,78.0,277.88,1.0,7.0,3.0,899053.38,8.0,2,2,111.12459498699609
46,9049,12.0,68.0,4154.81,2.0,7.0,4.0,2837970.09,2.0,2,1,111.1245949867568
47,30397,0.0,1.0,759.1,0.0,9.0,3.0,16600070.45,3.0,3,2,111.12459498753137
48,119627,6.0,45.0,1111.89,0.0,0.0,2.0,858974.47,0.0,3,2,111.1245949864948
49,670340,6.0,88.0,21.1,0.0,0.0,4.0,1734619.92,3.0,3,3,111.12459498629012
50,174677,6.0,45.0,762.36,0.0,0.0,2.0,4200335.24,0.0,3,2,111.1245949864894
51,135448,16.0,73.0,36.08,1.0,2.0,3.0,13674390.28,10.0,3,1,111.1245949868882
52,345190,22.0,78.0,193.0,1.0,7.0,3.0,127008.85,2.0,2,2,111.12459498710491
53,188373,17.0,9.0,1064.48,0.0,0.0,4.0,34922824.77,9.0,3,3,111.12459498740294
54,44314,16.0,48.0,60.22,2.0,7.0,3.0,2065246.62,10.0,2,1,111.12459498705772
55,678581,22.0,78.0,45.9,1.0,2.0,4.0,3129.58,2.0,2,1,111.1245949866079
56,75140,16.0,26.0,452.1,2.0,7.0,4.0,19019081.22,3.0,3,1,111.12459498683393
57,57237,22.0,78.0,1134.0,1.0,1.0,3.0,281783.13,2.0,2,1,111.12459498697628
58,176075,22.0,79.0,153.0,1.0,7.0,3.0,3616.55,2.0,1,1,111.12459498668905
59,30427,16.0,37.0,21.4,1.0,2.0,3.0,10299459.91,8.0,2,2,111.12459498699609
60,2671080,17.0,99.0,1794.89,0.0,0.0,4.0,563710.25,9.0,3,1,111.12459498737384
61,63520,16.0,17.0,28.1,0.0,5.0,3.0,3662121.88,2.0,1,3,111.12459498695976
62,57439,3.0,105.0,66.93,0.0,5.0,4.0,47411719.4,3.0,3,3,111.12459498746426
63,51910,22.0,78.0,62.1,1.0,1.0,3.0,2934508.29,2.0,1,1,111.12459498680737
64,411517,16.0,102.0,60.6,0.0,5.0,4.0,4390032.16,10.0,2,1,111.12459498699609
65,48397,1.0,6.0,11071.13,1.0,3.0,1.0,1375549.41,9.0,3,3,111.1245949865492
66,468493,16.0,97.0,26.1,0.0,5.0,4.0,1314073.16,2.0,1,1,111.12459498699609
67,8909,6.0,20.0,187.95,0.0,7.0,4.0,8392007.79,9.0,3,1,111.1245949871422
68,47245,8.0,23.0,118.93,1.0,2.0,4.0,11131808.01,4.0,3,1,111.1245949865514
69,36250,16.0,37.0,20.54,1.0,2.0,2.0,11090010.05,2.0,2,3,111.12459498704956
70,95723,19.0,84.0,617.99,1.0,1.0,3.0,4573489.81,3.0,2,1,111.12459498708466
71,177155,8.0,23.0,132.0,1.0,2.0,4.0,17578320.62,10.0,2,3,111.1245949865122
72,176074,22.0,79.0,58.7,1.0,6.0,3.0,307384.24,2.0,1,1,111.1245949868121
73,2162957,17.0,9.0,259.0,0.0,0.0,4.0,133125.33,0.0,3,1,111.12459498699609
74,126866,21.0,,36.9,0.0,0.0,0.0,347898.56,5.0,3,3,111.1245949869491
75,51900,22.0,78.0,1331.0,1.0,1.0,3.0,536784.2,2.0,2,1,111.1245949869944
76,471127,8.0,23.0,47.8,1.0,2.0,4.0,5572643.25,10.0,2,1,111.1245949864574
77,190152,22.0,78.0,343.01,1.0,7.0,3.0,3598973.77,2.0,1,1,111.12459498643832
78,37598,16.0,37.0,23.81,2.0,5.0,2.0,13931193.45,2.0,2,2,111.12459498741046
79,51355,19.0,72.0,131.46,0.0,5.0,2.0,15712040.85,8.0,2,2,111.12459498782508
80,176041,22.0,79.0,70.54,1.0,7.0,3.0,663167.13,10.0,2,1,111.12459498674066
81,56349,11.0,34.0,335.76,0.0,9.0,0.0,12113135.74,3.0,3,2,111.12459498699609
82,45632,1.0,6.0,882.76,1.0,3.0,1.0,8845309.64,9.0,3,2,111.12459498652072
83,211877,22.0,78.0,56.2,1.0,7.0,3.0,279157.1,2.0,1,2,111.12459498649308
84,541013,1.0,6.0,999.99,1.0,3.0,1.0,5216896.73,9.0,3,2,111.12459498660648
85,161648,16.0,11.0,31.58,1.0,1.0,3.0,7437954.14,10.0,2,3,111.12459498672654
86,3151041,1.0,6.0,885.22,0.0,0.0,4.0,2173785.4,0.0,3,2,111.12459498649504
87,37600,16.0,37.0,16.0,1.0,2.0,3.0,15348675.33,10.0,2,1,111.12459498745336
88,48883,16.0,98.0,24.0,1.0,2.0,4.0,7699.87,8.0,2,1,111.12459498778742
89,8876,1.0,6.0,689.99,1.0,3.0,1.0,27415311.66,9.0,3,2,111.12459498653207
90,297828,6.0,45.0,139.0,0.0,0.0,0.0,2102848.54,5.0,3,3,111.1245949863844
91,272047,6.0,88.0,26.79,0.0,0.0,4.0,971179.99,3.0,3,3,111.12459498631738
92,28713,16.0,44.0,51.59,0.0,5.0,3.0,8852504.29,8.0,3,3,111.12459498687254
93,369484,16.0,66.0,11.79,0.0,5.0,3.0,203488.86,2.0,1,1,111.12459498799112
94,30399,0.0,1.0,2043.0,3.0,8.0,4.0,10764077.19,8.0,2,1,111.1245949874366
95,85526,16.0,62.0,10.5,0.0,5.0,3.0,8384905.8,2.0,1,1,111.12459498702624
96,197939,1.0,6.0,574.0,1.0,3.0,1.0,6827514.86,9.0,3,3,111.1245949865907
97,52644,0.0,1.0,4700.58,0.0,7.0,2.0,9351853.96,9.0,3,3,111.12459498741556
98,126679,6.0,45.0,307.41,0.0,0.0,0.0,1565115.04,5.0,3,2,111.12459498699609
99,84817,16.0,43.0,62.48,0.0,7.0,4.0,5280448.27,4.0,3,2,111.12459498682864
100,151759,22.0,78.0,416.0,1.0,1.0,3.0,1002214.41,2.0,2,1,111.12459498686738
101,108405,6.0,45.0,129.15,0.0,0.0,0.0,30248469.5,5.0,3,3,111.12459498638982
102,358814,16.0,53.0,16.2,2.0,5.0,3.0,4822744.76,2.0,2,3,111.12459498761068
103,8987,12.0,28.0,894.99,1.0,1.0,3.0,5614395.75,2.0,1,1,111.12459498706838
104,44394,16.0,63.0,24.4,1.0,7.0,4.0,5662700.85,10.0,2,3,111.1245949870151
105,175947,16.0,37.0,56.4,1.0,7.0,3.0,18396768.3,2.0,1,2,111.12459498730578
106,219595,1.0,6.0,9349.99,1.0,3.0,1.0,17099815.6,9.0,3,3,111.1245949865922
107,247715,16.0,33.0,9.4,1.0,2.0,2.0,1681468.53,8.0,2,1,111.12459498699609
108,46550,21.0,31.0,6961.29,0.0,0.0,1.0,97771387.54,5.0,3,2,111.12459498684886
109,9078,12.0,68.0,502.1,1.0,2.0,4.0,10343343.08,8.0,3,1,111.12459498650546
110,701737,16.0,26.0,292.55,2.0,7.0,4.0,4469957.42,4.0,3,1,111.1245949868345
111,229552,22.0,78.0,316.0,1.0,7.0,3.0,7846.5,2.0,2,1,111.12459498680288
112,75845,1.0,6.0,434.0,2.0,3.0,1.0,3942276.35,9.0,3,2,111.12459498659312
113,279961,6.0,88.0,27.5,0.0,0.0,4.0,2634809.84,3.0,3,3,111.1245949863247
114,1003843,9.0,4.0,91.4,0.0,7.0,3.0,7101906.95,4.0,2,2,111.1245949863027
115,28727,16.0,26.0,88.0,2.0,7.0,4.0,6665383.16,10.0,2,1,111.12459498665385
116,8984,12.0,28.0,562.6,1.0,1.0,3.0,603225.55,8.0,1,1,111.12459498700242
117,234623,1.0,6.0,806.76,0.0,0.0,1.0,2209280.29,5.0,3,3,111.12459498655237
118,217134,16.0,37.0,37.8,1.0,7.0,4.0,2279904.65,3.0,3,3,111.12459498729814
119,85066,16.0,26.0,448.76,2.0,7.0,4.0,11573830.54,4.0,2,2,111.12459498683836
120,1977160,14.0,40.0,4296.22,2.0,7.0,4.0,8593771.09,9.0,3,3,111.12459498699609
121,2585822,14.0,83.0,77.4,0.0,5.0,4.0,41.11,2.0,1,1,111.12459498699609
122,35545,22.0,78.0,170.0,1.0,7.0,3.0,387356.37,8.0,2,2,111.12459498672256
123,187444,16.0,77.0,17.0,0.0,5.0,4.0,6373551.3,2.0,2,3,111.1245949870569
124,142466,16.0,26.0,85.74,2.0,7.0,4.0,2322710.64,8.0,2,1,111.12459498676884
125,197941,1.0,6.0,871.0,0.0,0.0,1.0,9492361.68,9.0,3,3,111.1245949865959
126,8846,1.0,6.0,2212.55,1.0,4.0,4.0,2371478.0,9.0,3,3,111.12459498668126
127,121423,16.0,53.0,14.59,0.0,5.0,3.0,14485113.51,10.0,1,3,111.12459498756834
128,36299,16.0,107.0,11.29,2.0,7.0,3.0,3441189.98,2.0,2,1,111.12459498656897
129,142467,16.0,61.0,15.87,2.0,5.0,3.0,178257.64,8.0,2,1,111.1245949873179
130,161676,6.0,88.0,364.57,0.0,7.0,4.0,4802995.65,3.0,3,3,111.12459498563187
131,182936,16.0,62.0,10.9,0.0,5.0,3.0,5385503.08,2.0,1,3,111.12459498701116
132,152277,22.0,78.0,476.94,1.0,7.0,3.0,128946.92,10.0,2,1,111.12459498676132
133,873176,16.0,38.0,25.27,0.0,5.0,3.0,5418434.13,2.0,1,1,111.12459498775624
134,114435,22.0,78.0,90.22,1.0,7.0,3.0,3484.5,2.0,1,1,111.1245949867871
135,175941,16.0,37.0,46.88,1.0,7.0,3.0,3312437.98,2.0,2,1,111.12459498750115
136,3151064,16.0,98.0,36.0,1.0,1.0,3.0,429823.39,2.0,2,1,111.12459498784344
137,8951,11.0,34.0,1078.62,2.0,7.0,4.0,9019115.11,8.0,3,1,111.12459498641088
138,37057,21.0,76.0,3591.69,2.0,7.0,2.0,100191503.8,5.0,3,2,111.12459498704322
139,90717,16.0,37.0,15.4,1.0,2.0,3.0,6668808.82,3.0,3,3,111.12459498699609
140,311393,12.0,68.0,2716.61,1.0,4.0,2.0,11330230.84,2.0,2,1,111.12459498699609
141,311893,22.0,78.0,75.9,1.0,1.0,3.0,11585.27,2.0,1,1,111.12459498684784
142,128390,17.0,99.0,1900.0,0.0,0.0,4.0,1119.51,9.0,2,1,111.1245949875844
143,88114,16.0,61.0,21.6,0.0,5.0,3.0,2969712.5,2.0,1,1,111.1245949873619
144,190659,6.0,88.0,40.4,0.0,0.0,4.0,13627000.39,9.0,3,3,111.12459498653348
145,163847,16.0,37.0,16.2,1.0,7.0,3.0,1693757.78,8.0,2,1,111.12459498699609
146,107022,1.0,6.0,918.56,0.0,0.0,1.0,22082935.41,9.0,3,3,111.12459498664568
147,30415,14.0,40.0,8785.99,2.0,7.0,4.0,738171.22,9.0,3,3,111.12459498684032
148,266418,16.0,48.0,20.21,1.0,6.0,3.0,851798.64,8.0,2,2,111.12459498697255
149,460219,16.0,98.0,47.62,1.0,1.0,3.0,9544602.66,8.0,2,1,111.12459498720187
150,309870,22.0,78.0,153.0,1.0,7.0,3.0,148979.73,2.0,1,1,111.12459498695198
151,52775,7.0,21.0,4847.74,0.0,0.0,4.0,475164.45,9.0,3,3,111.1245949870538
152,925459,14.0,40.0,3771.99,2.0,7.0,4.0,3528882.19,9.0,3,1,111.12459498763582
153,84829,16.0,43.0,19.44,0.0,5.0,3.0,4816791.26,2.0,2,3,111.1245949868948
154,704177,18.0,69.0,4900.0,1.0,3.0,4.0,190012.59,9.0,3,1,111.12459498684387
155,194921,12.0,28.0,2850.47,1.0,1.0,4.0,,2.0,1,1,111.12459498713284
156,30455,21.0,76.0,611.94,0.0,0.0,1.0,29451058.1,5.0,3,3,111.1245949870212
157,37036,6.0,45.0,952.43,0.0,7.0,2.0,3780207.34,5.0,3,1,111.12459498648806
158,559175,6.0,45.0,118.0,0.0,0.0,2.0,8322361.57,0.0,3,2,111.12459498699609
159,451428,16.0,94.0,65.0,2.0,5.0,3.0,1660503.05,8.0,2,2,111.12459498728671
160,1471025,6.0,45.0,344.0,0.0,0.0,2.0,83704.77,5.0,3,2,111.12459498699609
161,345573,20.0,75.0,730.96,0.0,0.0,1.0,19812770.45,9.0,3,1,111.1245949874224
162,56313,25.0,104.0,403.32,0.0,9.0,3.0,63140525.19,4.0,3,1,111.12459498779366
163,8961,0.0,1.0,3449.86,0.0,9.0,2.0,7679648.03,10.0,1,2,111.12459498679314
164,3150064,7.0,21.0,6067.87,2.0,7.0,4.0,12361408.84,3.0,3,1,111.124594987142
165,188382,17.0,9.0,94.29,0.0,0.0,4.0,8593201.95,9.0,1,3,111.12459498744596
166,176047,22.0,78.0,61.39,1.0,2.0,4.0,1548738.74,10.0,2,1,111.12459498662072
167,48884,16.0,98.0,14.5,1.0,2.0,4.0,8302.07,8.0,2,1,111.1245949877221
168,88112,16.0,3.0,37.31,2.0,7.0,4.0,33005050.82,3.0,3,2,111.12459498663152
169,36255,16.0,37.0,23.19,1.0,7.0,2.0,13666715.85,2.0,1,3,111.12459498742848
170,56267,25.0,92.0,322.61,0.0,9.0,0.0,39874062.36,3.0,3,3,111.12459498783755
171,43163,16.0,96.0,11.44,2.0,5.0,3.0,16659794.83,8.0,3,3,111.12459498699609
172,9044,12.0,68.0,1768.14,1.0,7.0,4.0,889910.58,2.0,1,1,111.12459498636058
173,28711,6.0,5.0,963.99,0.0,0.0,1.0,2199476.8,5.0,3,3,111.12459498645688
174,247529,16.0,33.0,14.8,1.0,2.0,4.0,818060.77,10.0,2,1,111.124594986885
175,60465,22.0,78.0,40.5,1.0,2.0,2.0,14343.6,10.0,2,1,111.12459498672666
176,126713,6.0,45.0,922.78,0.0,7.0,2.0,91633.8,5.0,3,2,111.12459498651415
177,176024,22.0,78.0,480.76,1.0,7.0,3.0,943705.71,2.0,1,1,111.12459498625262
178,8912,6.0,45.0,1649.71,2.0,7.0,4.0,1075355.21,0.0,3,2,111.12459498649314
179,75842,1.0,6.0,359.44,2.0,3.0,1.0,8349222.13,9.0,3,3,111.12459498699609
180,1549141,22.0,78.0,160.0,1.0,7.0,3.0,572089.61,2.0,2,1,111.12459498710491
181,451425,16.0,94.0,48.9,1.0,7.0,3.0,3407257.97,2.0,1,1,111.12459498699609
182,54017,21.0,31.0,2128.84,0.0,0.0,1.0,21606227.43,5.0,3,2,111.12459498691013
183,9238,24.0,90.0,4847.67,0.0,0.0,1.0,148210.8,5.0,3,2,111.12459498733573
184,37083,24.0,90.0,1107.82,0.0,0.0,1.0,365250.03,5.0,3,2,111.12459498708728
185,309866,22.0,78.0,148.78,1.0,2.0,3.0,2920163.54,2.0,1,1,111.12459498688264
186,75834,1.0,6.0,489.97,2.0,3.0,1.0,2991584.7,9.0,3,2,111.12459498659746
187,261967,14.0,83.0,390.39,1.0,7.0,4.0,10850084.73,9.0,2,2,111.12459498668824
188,126356,8.0,23.0,245.41,1.0,2.0,4.0,11847809.42,7.0,3,1,111.12459498650712
189,50249,16.0,89.0,9.8,2.0,7.0,3.0,7299100.07,2.0,1,3,111.12459498723852
190,244070,22.0,78.0,430.0,1.0,7.0,3.0,4747.02,2.0,1,1,111.12459498682722
191,48895,16.0,61.0,11.1,2.0,5.0,3.0,22224877.5,2.0,1,1,111.12459498699609
192,345187,22.0,78.0,31.0,1.0,7.0,3.0,5807185.18,2.0,2,1,111.12459498681535
193,64668,12.0,68.0,535.3,1.0,4.0,4.0,14996056.99,3.0,3,1,111.1245949865576
194,60467,22.0,78.0,39.3,1.0,2.0,4.0,2650780.74,10.0,3,1,111.12459498666948
195,126797,25.0,92.0,168.92,0.0,7.0,3.0,26742298.73,4.0,3,1,111.12459498806057
196,54567,14.0,83.0,235.06,1.0,3.0,4.0,16393196.71,9.0,2,1,111.1245949862323
197,148594,11.0,34.0,152.06,0.0,5.0,2.0,9560575.62,3.0,3,3,111.12459498642671
198,135437,16.0,62.0,24.89,0.0,5.0,3.0,6188045.96,2.0,2,1,111.12459498743377
199,176039,22.0,14.0,328.0,1.0,2.0,4.0,7009675.94,10.0,3,1,111.12459498699609
200,458117,22.0,78.0,232.26,1.0,7.0,3.0,811455.94,2.0,1,1,111.1245949869512
201,50251,16.0,89.0,20.37,0.0,5.0,3.0,22902160.09,2.0,1,1,111.1245949873825
202,228316,16.0,53.0,36.7,0.0,5.0,2.0,5176063.97,10.0,2,1,111.12459498765372
203,43518,0.0,1.0,1071.77,2.0,7.0,2.0,1698401.57,8.0,2,2,111.12459498719328
204,125283,16.0,82.0,34.2,1.0,1.0,3.0,3154277.75,4.0,2,3,111.12459498709435
205,109973,12.0,68.0,5791.37,1.0,7.0,4.0,7259958.92,2.0,2,1,111.1245949865678
206,115121,12.0,68.0,870.08,1.0,2.0,4.0,402889.24,3.0,3,1,111.12459498699609
207,76058,1.0,6.0,2060.93,0.0,0.0,1.0,3321100.72,5.0,3,2,111.1245949865862
208,84780,16.0,43.0,151.21,0.0,7.0,4.0,202767.11,9.0,3,1,111.1245949869116
209,119403,22.0,78.0,130.0,1.0,7.0,3.0,826.21,2.0,1,1,111.12459498681751
210,237657,16.0,24.0,26.3,0.0,5.0,3.0,3387968.7,2.0,1,1,111.12459498716792
211,298326,6.0,45.0,112.44,0.0,0.0,0.0,6602963.98,5.0,3,2,111.12459498651477
212,670346,17.0,9.0,139.0,0.0,0.0,4.0,4733640.24,9.0,1,3,111.12459498729784
213,1209394,22.0,78.0,217.0,1.0,1.0,3.0,131400.34,10.0,2,1,111.1245949868043
214,9033,12.0,68.0,840.82,1.0,7.0,4.0,1030202.68,2.0,1,1,111.1245949866973
215,75862,1.0,6.0,1008.0,1.0,3.0,1.0,8476793.26,9.0,3,2,111.1245949865248
216,9052,12.0,68.0,405.3,1.0,7.0,4.0,10032916.79,3.0,3,1,111.12459498625654
217,160761,16.0,37.0,16.84,2.0,7.0,4.0,3012325.14,10.0,3,2,111.12459498683144
218,9172,16.0,94.0,77.14,2.0,7.0,3.0,17082191.68,4.0,3,2,111.12459498714662
219,8853,1.0,6.0,2811.68,1.0,4.0,4.0,12236810.45,3.0,3,3,111.1245949864956
220,171271,6.0,88.0,129.0,0.0,0.0,4.0,19709237.23,9.0,3,3,111.12459498664656
221,302527,23.0,80.0,256.43,1.0,2.0,4.0,7445557.07,3.0,3,2,111.1245949872957
222,126803,25.0,92.0,1100.0,0.0,9.0,3.0,3283460.59,7.0,2,1,111.12459498799336
223,116996,12.0,28.0,889.99,1.0,1.0,3.0,103251.96,2.0,1,1,111.12459498716888
224,241562,22.0,78.0,235.34,1.0,7.0,3.0,31233.13,2.0,2,1,111.1245949868318
225,28681,6.0,45.0,412.53,0.0,7.0,4.0,17992527.98,0.0,3,3,111.1245949864769
226,36305,25.0,92.0,780.56,0.0,9.0,3.0,,2.0,2,1,111.12459498792722
227,48156,16.0,96.0,12.3,0.0,5.0,3.0,,9.0,3,3,111.12459498733978
228,100819,11.0,34.0,183.21,0.0,9.0,0.0,49037026.09,8.0,3,3,111.1245949864183
229,507961,25.0,92.0,282.19,0.0,5.0,3.0,7695657.77,2.0,2,2,111.12459498805713
230,156563,16.0,61.0,11.1,2.0,5.0,3.0,8753389.8,2.0,1,1,111.12459498699609
231,114087,16.0,26.0,158.29,0.0,7.0,4.0,95191.28,8.0,2,1,111.12459498669224
232,115645,8.0,23.0,440.01,1.0,1.0,3.0,626352.2,2.0,2,2,111.12459498673088
233,33618,17.0,65.0,5608.48,0.0,0.0,1.0,1206894.35,9.0,3,2,111.1245949871983
234,12930,22.0,78.0,451.0,1.0,1.0,3.0,5857429.4,8.0,2,1,111.1245949867289
235,115228,0.0,1.0,759.1,0.0,9.0,3.0,16600070.45,3.0,3,2,111.12459498753137
236,9096,12.0,68.0,1768.33,1.0,7.0,4.0,512906.05,2.0,1,1,111.1245949864746
237,247673,16.0,33.0,9.9,1.0,2.0,4.0,7647838.82,8.0,3,1,111.12459498669008
238,229097,16.0,73.0,14.29,1.0,2.0,4.0,3098334.42,9.0,3,1,111.1245949870264
239,9089,12.0,68.0,555.2,1.0,4.0,4.0,969402.26,2.0,1,1,111.1245949865235
240,343929,16.0,53.0,36.0,0.0,5.0,4.0,9284838.65,10.0,1,1,111.12459498759264
241,458153,6.0,41.0,671.0,0.0,0.0,4.0,73499.48,0.0,3,1,111.12459498740328
242,151766,22.0,78.0,476.94,1.0,7.0,3.0,6626117.83,2.0,2,1,111.12459498674642
243,3149693,16.0,37.0,10.8,1.0,2.0,2.0,3039637.6,8.0,2,1,111.1245949873759
244,1212470,16.0,62.0,11.84,0.0,5.0,3.0,6353206.91,2.0,1,3,111.12459498699609
245,279951,1.0,6.0,613.77,0.0,0.0,1.0,5510396.5,9.0,3,3,111.12459498657158
246,265639,16.0,35.0,28.8,0.0,5.0,3.0,1228571.5,2.0,1,1,111.1245949877117
247,555356,6.0,45.0,415.31,0.0,0.0,0.0,3285888.83,5.0,3,3,111.12459498699609
248,64802,16.0,37.0,38.29,1.0,2.0,3.0,22671334.66,2.0,1,2,111.12459498741
249,44391,16.0,63.0,20.31,1.0,7.0,2.0,12703362.43,8.0,3,1,111.12459498705032
250,8790,5.0,32.0,34093.25,1.0,7.0,4.0,4231350.45,3.0,3,1,111.12459498851
251,1192867,6.0,45.0,284.0,0.0,0.0,2.0,17767358.5,9.0,3,2,111.12459498699609
252,867384,22.0,78.0,130.0,1.0,7.0,3.0,65241.77,2.0,2,1,111.12459498695064
253,188338,9.0,25.0,146.0,0.0,5.0,3.0,9539437.58,10.0,2,3,111.1245949875887
254,43581,16.0,107.0,12.68,2.0,7.0,3.0,2701109.15,8.0,2,1,111.12459498658538
255,108826,16.0,26.0,644.3,2.0,7.0,2.0,4803477.78,8.0,2,1,111.12459498684164
256,297802,6.0,45.0,177.77,0.0,0.0,0.0,10192935.47,5.0,3,2,111.12459498651477
257,183177,19.0,72.0,74.94,2.0,7.0,3.0,24413724.29,10.0,1,1,111.12459498778308
258,56083,19.0,72.0,69.5,2.0,7.0,3.0,3074161.82,10.0,1,1,111.12459498777072
259,472989,12.0,68.0,310.0,1.0,7.0,4.0,2072227.73,2.0,2,1,111.12459498694083
260,8839,1.0,6.0,843.42,1.0,3.0,1.0,39707247.47,9.0,3,2,111.12459498653108
261,45649,1.0,6.0,798.0,2.0,3.0,1.0,544505.23,9.0,3,2,111.12459498665868
262,40817,14.0,40.0,5999.99,2.0,7.0,4.0,822333.13,9.0,3,3,111.1245949868653
263,182946,16.0,62.0,18.8,0.0,5.0,4.0,5222797.22,2.0,1,3,111.12459498758992
264,36243,8.0,23.0,232.94,1.0,7.0,4.0,16926350.97,10.0,3,3,111.12459498655772
265,759764,22.0,78.0,133.0,1.0,7.0,3.0,5305452.04,2.0,2,1,111.1245949867024
266,230656,16.0,53.0,14.09,0.0,5.0,3.0,32655980.34,8.0,3,2,111.12459498765251
267,670352,6.0,20.0,214.0,0.0,5.0,4.0,3294836.99,3.0,3,3,111.12459498689437
268,359986,12.0,68.0,566.86,1.0,4.0,4.0,24300173.65,3.0,3,1,111.12459498699609
269,110915,1.0,6.0,1202.0,1.0,3.0,1.0,3654390.23,9.0,3,3,111.12459498657594
270,80367,20.0,75.0,1023.0,0.0,0.0,1.0,17383433.44,9.0,3,3,111.1245949868308
271,9117,14.0,40.0,5825.99,0.0,7.0,4.0,6122.49,9.0,3,3,111.1245949868233
272,1109026,16.0,63.0,24.8,1.0,7.0,3.0,6904094.96,2.0,1,1,111.12459498698814
273,986097,22.0,14.0,631.7,1.0,2.0,4.0,115082.72,10.0,2,1,111.1245949874864
274,115654,8.0,23.0,2000.0,1.0,7.0,4.0,80538.98,2.0,2,1,111.12459498628296
275,279953,6.0,45.0,110.0,0.0,0.0,0.0,10398468.44,0.0,3,3,111.12459498639473
276,9209,27.0,67.0,2528.97,0.0,0.0,1.0,24540701.98,9.0,3,2,111.12459498755808
277,1630616,6.0,20.0,62.7,0.0,0.0,4.0,2370427.23,6.0,3,3,111.12459498682747
278,244075,22.0,78.0,430.0,1.0,1.0,3.0,814389.0,2.0,1,1,111.1245949867785
279,28724,16.0,81.0,218.91,2.0,7.0,3.0,523221.88,2.0,1,1,111.1245949875174
280,217133,6.0,88.0,58.08,0.0,0.0,4.0,1198699.06,0.0,3,3,111.1245949863292
281,229553,22.0,78.0,270.0,1.0,7.0,3.0,4372.04,8.0,2,1,111.12459498673832
282,198806,6.0,88.0,131.68,0.0,0.0,4.0,8562266.88,9.0,3,3,111.12459498699609
283,193059,16.0,26.0,95.91,2.0,7.0,2.0,4927539.01,10.0,2,1,111.12459498663982
284,57074,22.0,78.0,251.0,1.0,7.0,3.0,332466.75,2.0,1,1,111.12459498658096
285,203439,1.0,6.0,1616.71,0.0,0.0,1.0,3200134.05,5.0,3,3,111.12459498658596
286,357738,16.0,102.0,74.99,2.0,5.0,2.0,752193.68,2.0,1,1,111.12459498769924
287,2717088,14.0,40.0,4662.99,1.0,7.0,4.0,748047.17,9.0,3,3,111.12459498699609
288,297806,6.0,45.0,54.2,0.0,0.0,0.0,10229425.04,9.0,3,3,111.12459498643804
289,8919,6.0,88.0,51.89,0.0,0.0,4.0,4754236.34,9.0,3,3,111.1245949861936
290,9188,16.0,102.0,78.5,2.0,5.0,2.0,16457967.86,2.0,3,3,111.12459498764385
291,234075,22.0,78.0,140.0,1.0,7.0,3.0,1182606.67,10.0,3,1,111.1245949868396
292,8905,4.0,74.0,308.03,0.0,5.0,3.0,7674636.86,2.0,1,1,111.1245949878371
293,433628,17.0,9.0,201.5,0.0,0.0,4.0,46142630.38,9.0,3,1,111.12459498736234
294,56262,0.0,58.0,1483.2,0.0,0.0,0.0,31298390.01,5.0,3,3,111.1245949867436
295,541009,1.0,6.0,2007.14,1.0,4.0,4.0,389825.64,3.0,3,2,111.12459498650048
296,8843,1.0,6.0,3302.41,1.0,4.0,4.0,13285537.12,9.0,3,3,111.12459498667975
297,36248,0.0,1.0,9797.95,3.0,8.0,4.0,3859146.13,7.0,3,1,111.1245949879989
298,171270,6.0,88.0,187.0,0.0,0.0,4.0,12134126.53,9.0,3,3,111.12459498657668
299,522439,16.0,33.0,13.0,1.0,2.0,2.0,972681.31,10.0,3,2,111.12459498678628
300,116585,0.0,1.0,1166.18,0.0,9.0,2.0,8574436.83,3.0,3,3,111.1245949875138
301,241563,22.0,78.0,500.0,1.0,1.0,3.0,73.86,2.0,1,1,111.12459498681991
302,111821,25.0,92.0,472.46,0.0,9.0,3.0,14464131.31,2.0,1,1,111.1245949878581
303,471713,22.0,14.0,396.83,1.0,2.0,3.0,2876175.43,8.0,2,1,111.12459498699609
304,1548957,22.0,14.0,720.43,1.0,7.0,3.0,3905044.34,2.0,1,1,111.12459498735812
305,178893,22.0,78.0,250.0,1.0,7.0,3.0,649262.51,2.0,1,1,111.12459498703772
306,28702,6.0,5.0,536.14,0.0,0.0,1.0,1467964.71,5.0,3,3,111.12459498650315
307,232655,22.0,78.0,214.0,1.0,7.0,3.0,3223422.66,2.0,1,1,111.12459498666853
308,52408,0.0,1.0,2958.03,0.0,9.0,2.0,131221.76,10.0,1,2,111.1245949867823
309,371930,16.0,103.0,62.85,0.0,7.0,3.0,16133982.75,4.0,3,1,111.12459498730168
310,56350,11.0,34.0,114.61,0.0,7.0,3.0,26638648.91,3.0,3,3,111.12459498654646
311,254539,16.0,,27.94,0.0,5.0,3.0,1103930.56,10.0,1,1,111.12459498650468
312,75844,1.0,6.0,645.83,1.0,3.0,1.0,5490157.81,9.0,3,3,111.12459498699609
313,198027,1.0,6.0,1049.98,0.0,0.0,1.0,8189700.24,9.0,3,3,111.12459498664649
314,35551,22.0,14.0,721.9,1.0,2.0,3.0,2798975.2,2.0,2,1,111.12459498728298
315,126827,25.0,92.0,92.0,0.0,5.0,3.0,8787736.92,10.0,2,3,111.12459498798928
316,303326,22.0,78.0,90.0,1.0,7.0,3.0,30242.84,2.0,1,1,111.12459498683056
317,146616,27.0,67.0,2485.0,0.0,0.0,1.0,465608.86,5.0,3,1,111.12459498699609
318,44318,16.0,66.0,20.15,0.0,5.0,3.0,1174338.84,8.0,2,1,111.12459498786946
319,8849,1.0,6.0,2636.15,1.0,4.0,4.0,582038.07,3.0,3,3,111.12459498699609
320,311895,22.0,78.0,77.09,1.0,1.0,3.0,675243.93,10.0,2,1,111.12459498687755
321,36278,16.0,19.0,9.74,0.0,5.0,3.0,20939529.72,2.0,1,3,111.1245949870758
322,459765,17.0,65.0,5010.98,0.0,0.0,1.0,1380714.42,9.0,3,1,111.12459498802518
323,9123,14.0,83.0,339.63,2.0,7.0,4.0,52285238.85,9.0,3,1,111.12459498644802
324,276763,16.0,44.0,51.51,0.0,5.0,3.0,11170512.1,8.0,2,2,111.1245949867761
325,266336,16.0,48.0,10.44,2.0,6.0,3.0,763502.74,2.0,2,1,111.12459498766373
326,75839,1.0,6.0,341.89,1.0,3.0,1.0,31784516.68,9.0,3,2,111.12459498656531
327,140445,12.0,68.0,867.98,2.0,7.0,4.0,1305465.96,2.0,1,1,111.12459498643211
328,75857,1.0,6.0,1240.96,2.0,3.0,1.0,4118764.61,9.0,3,2,111.12459498653496
329,30457,24.0,90.0,5932.95,0.0,0.0,1.0,31443.71,5.0,3,2,111.1245949873357
330,2578067,16.0,98.0,11.94,0.0,5.0,3.0,9938581.44,2.0,1,3,111.12459498699609
331,219593,1.0,6.0,822.99,1.0,3.0,1.0,16611109.18,9.0,3,1,111.12459498657182
332,8869,1.0,6.0,10682.04,1.0,3.0,1.0,4915289.2,9.0,3,3,111.1245949865825
333,127929,16.0,94.0,91.3,2.0,7.0,3.0,37.61,10.0,2,1,111.12459498727864
334,311890,22.0,78.0,75.9,1.0,7.0,3.0,686.2,2.0,1,1,111.12459498682767
335,40178,12.0,68.0,594.11,1.0,4.0,4.0,538497.96,7.0,3,1,111.12459498648988
336,56436,16.0,71.0,6.59,0.0,5.0,3.0,10713136.25,10.0,1,3,111.12459498665092
337,227231,6.0,85.0,176.82,0.0,0.0,4.0,9529678.04,9.0,3,2,111.12459498736622
338,227184,6.0,45.0,297.73,0.0,0.0,0.0,13769340.5,6.0,3,2,111.12459498605
339,64801,16.0,37.0,15.17,1.0,6.0,3.0,16390.65,2.0,1,1,111.12459498740604
340,2542735,12.0,56.0,171.89,1.0,7.0,4.0,4364464.18,4.0,2,1,111.124594986524
341,37607,16.0,37.0,24.26,1.0,7.0,3.0,17864017.39,2.0,2,1,111.12459498738744
342,13746,6.0,5.0,991.93,0.0,0.0,1.0,1547284.08,5.0,3,3,111.12459498645688
343,60466,22.0,78.0,52.38,1.0,2.0,4.0,203564.0,8.0,2,1,111.12459498676644
344,163852,16.0,37.0,11.54,1.0,2.0,4.0,1833803.31,7.0,1,2,111.12459498736268
345,8845,1.0,6.0,3511.94,1.0,4.0,4.0,2166055.01,9.0,3,3,111.12459498668072
346,98964,16.0,17.0,42.64,1.0,7.0,3.0,5834572.06,8.0,2,1,111.12459498699128
347,441713,16.0,73.0,20.0,1.0,2.0,3.0,4213194.63,8.0,3,1,111.12459498685712
348,1948888,16.0,53.0,29.23,0.0,5.0,3.0,,2.0,1,1,111.1245949876076
349,8855,1.0,6.0,2415.78,2.0,7.0,2.0,14188216.55,9.0,3,1,111.12459498657272
350,9000,12.0,68.0,530.91,1.0,4.0,2.0,8071254.33,8.0,1,1,111.12459498654206
351,51906,22.0,78.0,194.0,1.0,1.0,3.0,261029.65,2.0,1,1,111.12459498699242
352,504295,16.0,37.0,17.97,2.0,7.0,4.0,2478480.52,2.0,2,3,111.12459498704668
353,297803,6.0,45.0,112.0,0.0,0.0,0.0,177139.92,5.0,3,2,111.12459498627476
354,156757,0.0,1.0,946.61,0.0,9.0,3.0,4303055.16,3.0,3,3,111.12459498743048
355,56263,0.0,1.0,1101.16,0.0,9.0,3.0,15462822.34,10.0,2,3,111.12459498744543
356,54020,21.0,31.0,3145.93,0.0,0.0,1.0,45350856.11,5.0,3,2,111.1245949869385
357,126683,6.0,45.0,516.31,0.0,7.0,4.0,5396423.36,0.0,3,2,111.12459498647772
358,9160,16.0,64.0,21.39,2.0,2.0,4.0,39069801.39,10.0,2,1,111.1245949877229
359,84843,16.0,17.0,14.69,1.0,2.0,4.0,5700834.65,8.0,2,3,111.12459498705527
360,75863,1.0,6.0,595.21,1.0,3.0,1.0,3071768.07,9.0,3,2,111.12459498657536
361,188379,17.0,9.0,312.0,0.0,0.0,4.0,34141787.35,9.0,3,2,111.12459498767782
362,214438,0.0,1.0,3004.99,0.0,9.0,3.0,2149247.14,2.0,1,1,111.12459498687927
363,56068,27.0,95.0,1732.08,0.0,0.0,0.0,130196617.9,5.0,3,2,111.1245949874482
364,126716,6.0,45.0,258.0,0.0,7.0,2.0,101834.52,0.0,3,1,111.12459498699609
365,8932,8.0,23.0,354.2,1.0,2.0,4.0,17464191.46,4.0,3,1,111.12459498654248
366,60468,22.0,78.0,53.83,1.0,2.0,4.0,455619.05,8.0,2,1,111.12459498676633
367,8833,1.0,6.0,657.59,1.0,7.0,2.0,6191757.66,9.0,3,1,111.12459498654972
368,555264,1.0,6.0,538.37,1.0,3.0,1.0,1954559.19,9.0,3,1,111.1245949865156
369,303305,22.0,78.0,293.0,1.0,2.0,3.0,4524942.98,2.0,1,1,111.1245949867976
370,258924,0.0,1.0,866.04,0.0,9.0,2.0,31775270.74,2.0,1,2,111.12459498710872
371,132585,1.0,6.0,2642.04,1.0,4.0,4.0,190949.74,3.0,3,3,111.12459498669196
372,175815,16.0,37.0,19.0,1.0,7.0,3.0,2188959.5,2.0,1,1,111.12459498731344
373,148596,11.0,34.0,167.41,0.0,9.0,2.0,157.55,2.0,3,1,111.12459498638349
374,37085,24.0,90.0,5326.24,0.0,0.0,1.0,80802.25,5.0,3,1,111.12459498693728
375,185689,6.0,41.0,724.0,0.0,0.0,4.0,383710.86,0.0,3,1,111.12459498688352
376,28680,1.0,6.0,944.62,1.0,3.0,1.0,28403500.77,9.0,3,3,111.12459498654869
377,57662,27.0,95.0,1031.1,0.0,0.0,0.0,122459893.2,5.0,3,2,111.1245949875206
378,110668,17.0,9.0,365.95,0.0,7.0,4.0,62451101.72,4.0,3,2,111.12459498743736
379,50399,6.0,20.0,37.4,0.0,0.0,4.0,4811331.66,0.0,3,2,111.12459498675813
380,100826,6.0,88.0,308.31,0.0,7.0,4.0,15129244.23,2.0,3,3,111.1245949861462
381,178892,22.0,78.0,245.0,1.0,7.0,3.0,838451.74,10.0,2,1,111.12459498704273
382,261959,14.0,83.0,180.0,0.0,0.0,4.0,9839893.66,9.0,2,1,111.12459498638272
383,357736,16.0,102.0,106.0,0.0,5.0,2.0,15234795.02,2.0,1,3,111.12459498769906
384,173220,16.0,42.0,53.79,0.0,5.0,0.0,5698973.38,2.0,2,1,111.12459498709464
385,13146,22.0,79.0,28.99,1.0,2.0,2.0,5879807.51,10.0,3,2,111.12459498649184
386,125297,16.0,11.0,54.41,1.0,7.0,3.0,12792145.0,2.0,1,3,111.1245949864535
387,240205,6.0,20.0,151.47,0.0,5.0,4.0,3598916.91,3.0,3,3,111.12459498686292
388,141835,22.0,14.0,492.0,1.0,2.0,3.0,32330.97,2.0,1,1,111.12459498732431
389,107377,6.0,88.0,112.94,0.0,0.0,4.0,32090897.74,9.0,3,3,111.12459498676188
390,371909,2.0,101.0,3.09,1.0,6.0,0.0,563636.0,8.0,2,3,111.12459498823682
391,13245,16.0,86.0,6.19,0.0,5.0,3.0,6348089.15,2.0,1,3,111.12459498690052
392,141271,22.0,14.0,303.34,1.0,2.0,3.0,258063.14,2.0,2,1,111.1245949873673
393,184715,1.0,6.0,1226.47,1.0,4.0,4.0,754114.0,3.0,3,3,111.12459498659292
394,886794,12.0,56.0,314.06,1.0,7.0,4.0,7536115.55,2.0,1,1,111.12459498680452
395,9017,12.0,56.0,185.38,1.0,7.0,4.0,845772.95,2.0,2,1,111.12459498712587
396,256038,16.0,66.0,31.33,0.0,5.0,3.0,80383.89,2.0,2,2,111.12459498780484
397,371863,1.0,6.0,1096.33,0.0,0.0,1.0,4808381.84,9.0,3,3,111.12459498653747
398,54971,6.0,88.0,135.98,0.0,0.0,4.0,2619753.6,0.0,3,3,111.1245949866472
399,30382,1.0,6.0,1873.0,1.0,7.0,2.0,17452607.3,9.0,3,2,111.12459498652876
400,57661,27.0,95.0,1288.82,0.0,0.0,0.0,26818777.48,5.0,3,2,111.1245949874397
401,1344800,22.0,14.0,566.61,1.0,2.0,4.0,381524.01,10.0,2,1,111.1245949873704
402,1036803,16.0,33.0,12.4,1.0,2.0,2.0,4115354.57,9.0,3,1,111.12459498675994
403,125291,16.0,71.0,10.1,0.0,5.0,3.0,2148136.05,10.0,2,3,111.12459498663308
404,369970,16.0,53.0,12.11,0.0,5.0,3.0,2688431.56,2.0,1,3,111.1245949872784
405,135433,16.0,62.0,9.54,0.0,5.0,3.0,12826786.25,9.0,1,3,111.12459498710218
406,33614,0.0,18.0,1881.69,2.0,8.0,4.0,21173636.93,4.0,3,2,111.1245949885901
407,371922,6.0,20.0,134.9,0.0,7.0,4.0,2241495.9,3.0,3,3,111.12459498690924
408,9091,12.0,68.0,96.28,1.0,2.0,4.0,21283218.76,4.0,3,3,111.12459498664865
409,9050,12.0,68.0,2205.71,0.0,5.0,4.0,1114252.33,10.0,2,1,111.1245949867568
410,37610,16.0,102.0,17.7,0.0,7.0,2.0,10001378.73,2.0,1,3,111.12459498800042
411,208525,12.0,68.0,751.72,1.0,7.0,4.0,5096258.34,2.0,1,1,111.1245949867023
412,269190,22.0,78.0,123.86,1.0,7.0,3.0,743635.36,2.0,1,1,111.12459498657849
413,68468,16.0,86.0,5.54,0.0,5.0,3.0,13206760.36,2.0,1,3,111.12459498706112
414,175933,16.0,37.0,28.6,1.0,2.0,3.0,5619015.79,2.0,2,3,111.12459498735664
415,2267889,22.0,79.0,40.0,1.0,4.0,3.0,37.9,2.0,2,1,111.12459498698576
416,56430,16.0,71.0,8.74,0.0,5.0,3.0,11609109.62,9.0,1,3,111.1245949865369
417,175930,16.0,37.0,23.97,1.0,2.0,3.0,23264611.24,8.0,2,3,111.12459498732296
418,37609,16.0,37.0,56.63,1.0,7.0,3.0,12197802.66,2.0,1,2,111.12459498708375
419,498209,17.0,9.0,99.49,0.0,0.0,4.0,29368135.64,9.0,1,3,111.12459498699276
420,30388,1.0,7.0,4400.0,1.0,3.0,4.0,3828524.39,9.0,3,1,111.12459498715018
421,209618,16.0,103.0,12.7,0.0,5.0,3.0,7110677.02,8.0,1,3,111.12459498704683
422,126681,6.0,45.0,683.39,2.0,7.0,4.0,1997786.84,0.0,3,2,111.12459498648462
423,8838,1.0,6.0,770.03,1.0,7.0,4.0,16342850.08,9.0,3,3,111.12459498699609
424,56324,16.0,44.0,28.44,0.0,5.0,3.0,10799323.67,10.0,3,3,111.1245949868282
425,117000,18.0,69.0,2277.0,0.0,0.0,4.0,3269778.02,9.0,3,1,111.12459498692196
426,56435,16.0,71.0,6.0,0.0,5.0,3.0,5259814.86,2.0,1,3,111.12459498664604
427,8843,1.0,6.0,3302.41,1.0,4.0,4.0,13285537.12,9.0,3,3,111.12459498667975
428,75838,1.0,6.0,612.56,2.0,0.0,1.0,27068888.24,9.0,3,3,111.12459498699609
429,495990,11.0,34.0,759.95,0.0,9.0,0.0,46153723.55,3.0,3,2,111.12459498638832
430,414889,16.0,33.0,12.5,1.0,2.0,2.0,768204.3,9.0,3,1,111.12459498678476
431,2547444,6.0,45.0,268.99,0.0,7.0,2.0,3365766.79,0.0,3,1,111.12459498699609
432,45807,16.0,52.0,23.93,0.0,5.0,4.0,39488711.64,4.0,3,3,111.12459498737496
433,208451,0.0,1.0,597.74,0.0,9.0,3.0,6837152.16,2.0,1,1,111.12459498742716
434,187106,8.0,23.0,537.86,1.0,7.0,4.0,475640.94,2.0,1,2,111.1245949859921
435,91951,16.0,102.0,30.3,2.0,5.0,3.0,7563735.28,2.0,1,3,111.12459498767358
436,34948,16.0,106.0,11.4,0.0,5.0,3.0,3034548.86,8.0,2,3,111.12459498714064
437,119635,6.0,45.0,866.99,0.0,0.0,2.0,92321.08,9.0,3,3,111.1245949864939
438,52410,0.0,1.0,3125.21,0.0,9.0,2.0,9556213.62,10.0,1,3,111.12459498678368
439,8954,11.0,34.0,759.95,0.0,9.0,0.0,46153723.55,3.0,3,2,111.12459498638832
440,8924,0.0,18.0,11236.1,3.0,8.0,4.0,2543680.82,3.0,3,2,111.1245949882291
441,75865,1.0,6.0,1146.83,0.0,0.0,2.0,9435093.57,0.0,3,2,111.12459498659506
442,9132,16.0,10.0,284.87,0.0,5.0,4.0,6726971.95,10.0,2,1,111.124594987154
443,107026,1.0,6.0,608.55,0.0,0.0,1.0,11990223.32,9.0,3,3,111.1245949865706
444,184711,1.0,6.0,1683.97,1.0,4.0,4.0,178673.97,3.0,3,3,111.1245949865724
445,160229,8.0,23.0,290.79,1.0,7.0,4.0,9272521.23,10.0,3,1,111.12459498659176
446,75846,1.0,6.0,843.42,1.0,3.0,1.0,1467257.69,9.0,3,2,111.12459498653529
447,57236,20.0,75.0,1136.95,0.0,0.0,1.0,4866227.6,9.0,3,3,111.1245949868723
448,44393,16.0,63.0,28.0,2.0,7.0,2.0,7364178.61,8.0,2,3,111.12459498700332
449,297811,6.0,45.0,219.0,0.0,0.0,0.0,476735.99,5.0,3,2,111.12459498634864
450,75856,1.0,6.0,325.6,2.0,3.0,1.0,16861397.11,9.0,3,3,111.12459498699609
451,8897,2.0,8.0,23.6,0.0,5.0,0.0,5841319.17,4.0,1,3,111.12459498803022
452,1196223,16.0,26.0,389.0,2.0,7.0,2.0,5681813.47,8.0,2,1,111.12459498676697
453,56325,16.0,52.0,17.15,0.0,5.0,4.0,19613139.17,6.0,3,2,111.12459498733104
454,151768,22.0,78.0,210.0,1.0,1.0,3.0,158502.65,2.0,1,1,111.12459498674302
455,70275,0.0,1.0,823.75,0.0,9.0,2.0,6138248.03,2.0,1,3,111.12459498686056
456,110926,1.0,6.0,6377.96,1.0,3.0,1.0,5272186.12,9.0,3,3,111.12459498660031
457,36249,16.0,26.0,513.14,2.0,7.0,2.0,10555052.47,10.0,2,1,111.12459498681903
458,113189,3.0,70.0,73.21,0.0,5.0,3.0,12280558.03,10.0,2,1,111.1245949879575
459,8882,1.0,6.0,1250.0,1.0,4.0,4.0,7934083.33,6.0,3,2,111.12459498650884
460,151760,22.0,78.0,625.99,1.0,7.0,3.0,7159608.21,2.0,1,1,111.1245949867706
461,706245,17.0,9.0,566.99,0.0,0.0,4.0,7840247.37,2.0,2,1,111.12459498718792
462,1293958,16.0,53.0,15.9,0.0,5.0,3.0,16752202.89,2.0,1,3,111.12459498774857
463,52810,0.0,1.0,734.1,2.0,7.0,0.0,59168603.49,10.0,3,3,111.12459498719328
464,658924,1.0,6.0,3869.0,1.0,7.0,4.0,15772780.82,9.0,3,3,111.12459498661671
465,228564,16.0,66.0,23.5,0.0,5.0,3.0,3.9,2.0,1,2,111.1245949879741
466,371860,1.0,6.0,2811.68,1.0,4.0,4.0,1274687.67,3.0,3,3,111.1245949865724
467,9111,14.0,40.0,2417.0,2.0,7.0,4.0,8896222.51,3.0,3,3,111.1245949867901
468,1389957,16.0,0.0,10.26,0.0,5.0,2.0,790.01,2.0,1,1,111.12459498676228
469,309878,22.0,78.0,44.4,1.0,2.0,4.0,1717936.07,8.0,2,1,111.1245949868666
470,8915,6.0,45.0,762.36,0.0,0.0,2.0,4200335.24,0.0,3,2,111.1245949864894
471,9088,12.0,68.0,732.47,2.0,7.0,4.0,384241.58,2.0,1,1,111.1245949865235
472,371864,1.0,6.0,1800.17,0.0,0.0,1.0,16433860.14,9.0,3,3,111.12459498653747
473,244082,22.0,78.0,474.34,1.0,1.0,3.0,2672.56,2.0,1,1,111.12459498686408
474,192723,6.0,88.0,66.08,0.0,0.0,4.0,348177.87,9.0,3,3,111.12459498627368
475,57663,27.0,95.0,1432.48,0.0,0.0,0.0,229733.56,5.0,3,2,111.1245949871988
476,50404,6.0,20.0,327.0,0.0,7.0,4.0,13321164.29,3.0,3,1,111.1245949870554
477,85105,6.0,13.0,459.0,0.0,5.0,4.0,13080577.64,3.0,3,3,111.12459498682658
478,40157,16.0,33.0,12.3,1.0,2.0,3.0,5429668.12,8.0,3,1,111.12459498687244
479,30392,10.0,29.0,141.0,0.0,5.0,4.0,8027232.35,4.0,3,1,111.12459498770936
480,411526,16.0,102.0,61.2,2.0,5.0,3.0,11966382.53,2.0,1,3,111.1245949876241
481,56783,16.0,26.0,159.46,2.0,7.0,3.0,22919550.27,2.0,1,2,111.12459498678864
482,2202208,6.0,85.0,325.0,0.0,0.0,4.0,307841.69,9.0,3,2,111.12459498758616
483,46500,2.0,8.0,39.67,0.0,5.0,0.0,1303249.37,2.0,1,2,111.12459498798218
484,311901,22.0,78.0,75.9,1.0,7.0,3.0,10274.69,2.0,1,1,111.12459498685416
485,8953,11.0,34.0,188.5,0.0,9.0,0.0,26326086.22,10.0,3,3,111.12459498604606
486,141274,22.0,14.0,720.43,1.0,7.0,3.0,3905044.34,2.0,1,1,111.12459498735812
487,247541,16.0,33.0,7.6,1.0,2.0,2.0,1962649.25,8.0,2,1,111.12459498686108
488,33616,0.0,18.0,8442.74,3.0,8.0,4.0,101747.84,8.0,3,1,111.1245949885901
489,292820,16.0,97.0,18.4,0.0,5.0,3.0,6405171.4,2.0,1,1,111.12459498785547
490,37039,13.0,39.0,4956.81,0.0,0.0,1.0,9453280.12,9.0,3,3,111.12459498712462
491,1177618,1.0,6.0,681.23,2.0,3.0,1.0,2258041.25,9.0,3,3,111.12459498656756
492,274074,22.0,14.0,523.69,1.0,2.0,4.0,5297412.63,10.0,2,1,111.1245949872625
493,48849,16.0,64.0,26.51,1.0,2.0,4.0,34661699.72,4.0,3,1,111.12459498770484
494,227173,6.0,88.0,141.87,0.0,0.0,4.0,1604194.57,0.0,3,3,111.12459498635316
495,279927,16.0,94.0,116.43,0.0,7.0,4.0,8561587.67,4.0,3,2,111.12459498727362
496,9240,24.0,90.0,4366.39,0.0,0.0,1.0,73314.02,5.0,3,2,111.1245949872258
497,48878,16.0,98.0,23.1,0.0,5.0,3.0,6852.84,8.0,2,1,111.1245949877344
498,678582,22.0,78.0,41.37,1.0,7.0,3.0,492396.14,2.0,2,1,111.124594986618
499,265611,9.0,49.0,56.6,0.0,5.0,3.0,11028502.02,10.0,2,3,111.12459498706043
500,159581,16.0,102.0,31.9,0.0,5.0,4.0,3681872.46,2.0,1,3,111.12459498769984
501,342380,9.0,4.0,52.96,0.0,5.0,3.0,5939587.69,10.0,2,3,111.1245949864781
502,1120791,16.0,10.0,82.88,2.0,7.0,3.0,6403052.57,10.0,2,1,111.1245949870084
503,279949,6.0,88.0,110.53,0.0,0.0,4.0,2380406.64,9.0,3,3,111.12459498672467
504,8962,0.0,1.0,4247.97,0.0,9.0,0.0,39450257.98,3.0,3,2,111.12459498676638
505,141282,22.0,78.0,104.0,1.0,7.0,3.0,1075798.21,10.0,2,1,111.1245949866459
506,35669,6.0,45.0,1090.99,0.0,0.0,2.0,13888864.47,0.0,3,2,111.12459498649956
507,9031,12.0,68.0,751.72,1.0,7.0,4.0,5096258.34,2.0,1,1,111.1245949867023
508,152276,22.0,78.0,476.94,1.0,7.0,3.0,48119.81,2.0,2,1,111.12459498674411
509,178894,22.0,78.0,256.0,1.0,1.0,3.0,3458797.75,2.0,1,1,111.12459498704273
510,585466,6.0,13.0,648.07,0.0,5.0,4.0,2586160.81,10.0,3,3,111.12459498662449
511,123377,16.0,35.0,62.19,0.0,5.0,4.0,5715479.2,2.0,1,1,111.1245949871324
512,266367,16.0,48.0,67.8,1.0,6.0,3.0,671226.2,2.0,2,1,111.12459498705336
513,555254,14.0,83.0,1040.0,1.0,3.0,1.0,2733323.64,9.0,3,1,111.1245949866952
514,1569666,6.0,45.0,281.0,0.0,0.0,2.0,1728211.09,0.0,3,2,111.12459498699609
515,219594,1.0,6.0,701.17,2.0,3.0,1.0,20377977.97,9.0,3,2,111.12459498659956
516,8934,8.0,23.0,490.0,1.0,7.0,4.0,11947217.36,10.0,2,1,111.1245949865516
517,30461,25.0,92.0,2668.51,0.0,9.0,3.0,31974373.19,7.0,2,1,111.12459498801262
518,345186,22.0,78.0,155.0,1.0,1.0,3.0,3419237.61,2.0,1,1,111.12459498688264
519,752200,22.0,78.0,85.0,1.0,1.0,3.0,269642.12,10.0,2,1,111.12459498699609
520,37578,27.0,95.0,2998.74,0.0,0.0,0.0,18270100.05,5.0,3,2,111.1245949872196
521,51356,19.0,72.0,62.65,0.0,5.0,3.0,13332874.44,2.0,1,1,111.12459498775844
522,89385,15.0,57.0,585.0,2.0,7.0,4.0,4886826.68,3.0,3,1,111.12459498745788
523,1364912,16.0,3.0,23.7,2.0,2.0,4.0,6124507.42,3.0,3,2,111.12459498679684
524,441723,16.0,73.0,23.02,2.0,2.0,3.0,1181602.18,9.0,2,1,111.12459498695608
525,103947,10.0,29.0,110.09,0.0,7.0,3.0,14110810.9,4.0,3,1,111.12459498765936
526,8884,1.0,6.0,608.15,2.0,0.0,1.0,8821560.01,9.0,3,1,111.12459498665368
527,285011,19.0,84.0,135.0,1.0,1.0,3.0,1558794.85,2.0,1,1,111.12459498729588
528,109972,12.0,68.0,5791.37,1.0,7.0,4.0,7259958.92,2.0,2,1,111.1245949865678
529,1549155,22.0,78.0,116.0,1.0,7.0,3.0,597941.08,8.0,2,1,111.1245949866882
530,115657,8.0,23.0,157.0,1.0,2.0,4.0,11668214.68,2.0,1,1,111.12459498588098
531,1934105,21.0,76.0,609.0,0.0,0.0,0.0,117469913.7,5.0,3,3,111.12459498699609
532,81522,19.0,72.0,116.8,0.0,5.0,3.0,11181512.15,2.0,1,1,111.1245949877535
533,411531,16.0,102.0,84.9,2.0,5.0,2.0,408915.41,2.0,1,1,111.12459498765612
534,698975,16.0,48.0,26.91,1.0,6.0,3.0,212871.76,2.0,1,1,111.12459498724472
535,190023,16.0,103.0,11.0,0.0,5.0,3.0,6231670.56,2.0,1,1,111.12459498698172
536,36269,16.0,94.0,83.0,0.0,5.0,4.0,5348180.01,3.0,3,1,111.12459498728671
537,172420,16.0,102.0,50.09,2.0,5.0,2.0,3494414.7,2.0,1,3,111.12459498779012
538,8873,1.0,6.0,755.3,1.0,4.0,4.0,9443719.89,9.0,3,2,111.12459498651656
539,136504,22.0,14.0,834.99,1.0,2.0,3.0,18195.28,2.0,1,1,111.12459498719748
540,37050,20.0,75.0,453.0,0.0,0.0,1.0,16211072.27,9.0,3,3,111.12459498726189
541,75832,1.0,6.0,754.61,1.0,7.0,4.0,8979266.49,9.0,3,3,111.12459498699609
542,34924,16.0,26.0,217.48,2.0,7.0,4.0,32086533.08,4.0,3,1,111.12459498668566
543,36273,16.0,71.0,10.89,0.0,5.0,3.0,14062772.33,2.0,1,3,111.12459498657428
544,68474,16.0,96.0,11.2,0.0,5.0,3.0,5747941.28,9.0,2,3,111.12459498738404
545,30422,16.0,26.0,570.0,0.0,7.0,4.0,33343165.09,4.0,3,1,111.1245949867851
546,75871,1.0,6.0,362.78,1.0,3.0,1.0,1310348.0,9.0,3,2,111.12459498650696
547,507975,25.0,92.0,1061.89,0.0,9.0,3.0,19847527.93,2.0,2,1,111.1245949881688
548,867391,22.0,78.0,194.0,1.0,1.0,3.0,329463.46,2.0,1,1,111.12459498699609
549,2723871,27.0,67.0,1843.95,0.0,0.0,1.0,1686730.58,5.0,3,1,111.1245949875096
550,279967,16.0,26.0,390.79,2.0,7.0,4.0,396973.08,0.0,3,2,111.12459498683394
551,40177,12.0,68.0,416.33,1.0,7.0,4.0,1360209.0,7.0,3,1,111.12459498659064
552,75867,1.0,6.0,499.99,1.0,3.0,1.0,8747518.75,9.0,3,1,111.1245949866166
553,54052,6.0,91.0,1367.77,0.0,0.0,0.0,274591.67,5.0,3,3,111.12459498699609
554,232620,22.0,78.0,108.5,1.0,7.0,3.0,149148.55,10.0,2,1,111.12459498685976
555,187443,16.0,73.0,25.2,0.0,5.0,3.0,2998767.22,10.0,2,1,111.124594986979
556,223437,0.0,1.0,1530.0,0.0,9.0,2.0,1533534.66,3.0,3,2,111.12459498755048
557,371914,0.0,1.0,276.03,0.0,5.0,2.0,824795.96,10.0,2,3,111.1245949874991
558,555257,14.0,83.0,644.0,1.0,3.0,1.0,1255982.21,9.0,3,1,111.12459498654374
559,88188,16.0,97.0,9.4,0.0,5.0,3.0,5117183.47,2.0,1,1,111.12459498761068
560,57247,22.0,78.0,333.0,1.0,7.0,3.0,2989007.27,2.0,1,1,111.1245949864664
561,114432,22.0,78.0,45.64,1.0,2.0,3.0,65410.62,2.0,1,1,111.12459498679074
562,179808,6.0,45.0,561.0,0.0,0.0,0.0,187875.39,0.0,3,2,111.1245949864626
563,915432,8.0,23.0,128.42,1.0,2.0,4.0,2758465.78,10.0,2,1,111.1245949866679
564,9063,12.0,68.0,1007.45,1.0,7.0,4.0,470213.06,10.0,1,1,111.12459498653703
565,73883,25.0,92.0,1345.97,0.0,9.0,3.0,573814.15,2.0,2,2,111.12459498800548
566,59729,16.0,33.0,12.04,1.0,2.0,4.0,6357207.4,3.0,2,2,111.12459498683688
567,41691,1.0,6.0,4711.68,1.0,3.0,1.0,1143135.35,9.0,3,2,111.12459498669853
568,141840,22.0,14.0,720.43,1.0,7.0,3.0,3905044.34,2.0,1,1,111.12459498735812
569,56789,16.0,26.0,211.0,0.0,5.0,4.0,3556954.7,7.0,3,2,111.12459498682192
570,178888,22.0,78.0,150.91,1.0,7.0,3.0,5289098.3,2.0,2,1,111.12459498699242
571,8805,28.0,100.0,702.9,1.0,7.0,4.0,1493624.4,8.0,2,1,111.12459498966888
572,33595,10.0,30.0,154.0,0.0,5.0,3.0,1223504.71,2.0,1,1,111.12459498797006
573,228306,16.0,53.0,14.8,0.0,5.0,2.0,6965582.78,2.0,2,3,111.12459498699609
574,84782,16.0,43.0,105.18,0.0,7.0,4.0,8216640.27,9.0,3,2,111.12459498692164
575,182897,16.0,82.0,29.47,1.0,7.0,3.0,5185044.87,8.0,2,1,111.12459498704406
576,309852,22.0,78.0,215.0,1.0,1.0,3.0,290862.98,2.0,1,1,111.1245949867029
577,44389,16.0,63.0,33.25,2.0,7.0,2.0,7385410.19,2.0,1,3,111.1245949869752
578,274068,22.0,78.0,136.0,1.0,7.0,3.0,2743055.21,2.0,2,1,111.1245949868176
579,36730,16.0,98.0,25.92,2.0,7.0,3.0,10498944.34,4.0,2,1,111.12459498730658
580,189533,1.0,6.0,819.45,2.0,0.0,1.0,5052907.86,9.0,3,3,111.12459498657162
581,73327,16.0,2.0,8.6,0.0,5.0,3.0,20041677.81,2.0,2,1,111.12459498675835
582,135974,16.0,38.0,14.6,0.0,5.0,3.0,7368285.07,2.0,1,1,111.1245949876671
583,492514,22.0,78.0,38.6,1.0,2.0,4.0,262252.22,8.0,2,1,111.12459498676104
584,30423,16.0,26.0,246.0,2.0,7.0,4.0,13975046.48,4.0,3,2,111.12459498699609
585,146614,27.0,67.0,1211.74,0.0,0.0,1.0,236166.74,5.0,3,1,111.12459498741514
586,44316,16.0,64.0,13.8,1.0,2.0,2.0,101027.63,10.0,3,1,111.12459498699609
587,223492,0.0,1.0,850.28,0.0,9.0,3.0,9015595.35,8.0,2,2,111.12459498743948
588,75840,1.0,6.0,377.45,1.0,3.0,1.0,6567683.13,9.0,3,2,111.12459498659544
589,254575,16.0,60.0,8.7,2.0,5.0,3.0,2170812.26,2.0,2,1,111.12459498732632
590,8939,9.0,4.0,333.8,0.0,7.0,3.0,2413843.09,2.0,2,1,111.12459498627642
591,161627,16.0,37.0,42.2,1.0,2.0,4.0,6819849.23,3.0,3,3,111.12459498625144
592,36288,16.0,102.0,134.13,0.0,5.0,2.0,7192797.14,2.0,1,3,111.12459498768038
593,60713,16.0,50.0,48.5,2.0,7.0,2.0,10145517.51,8.0,2,3,111.12459498729196
594,62259,16.0,62.0,9.19,0.0,5.0,3.0,7482895.14,8.0,1,3,111.12459498699609
595,9014,12.0,56.0,171.89,1.0,7.0,4.0,4364464.18,4.0,2,1,111.124594986524
596,9226,22.0,78.0,1125.0,1.0,7.0,3.0,7780066.73,2.0,1,1,111.12459498697076
597,9040,12.0,68.0,2066.51,1.0,7.0,4.0,480828.14,2.0,3,1,111.1245949866923
598,3149693,16.0,37.0,10.8,1.0,2.0,2.0,3039637.6,8.0,2,1,111.1245949873759
599,45646,1.0,6.0,372.79,2.0,7.0,1.0,1457174.78,9.0,3,2,111.12459498632572
600,176014,22.0,78.0,1015.0,1.0,7.0,3.0,6755480.57,2.0,2,1,111.12459498696433
601,451382,16.0,94.0,116.31,2.0,7.0,2.0,3073262.93,3.0,3,2,111.124594987276
602,664758,16.0,98.0,15.3,2.0,7.0,4.0,2758347.74,8.0,1,1,111.12459498722014
603,81903,14.0,83.0,636.74,1.0,3.0,1.0,10577872.82,9.0,3,2,111.12459498666304
604,57242,25.0,92.0,183.37,0.0,5.0,3.0,337424.3,2.0,1,2,111.12459498804994
605,244084,22.0,78.0,254.0,1.0,7.0,3.0,105992.85,2.0,1,1,111.12459498674156
606,297817,6.0,45.0,260.0,0.0,0.0,0.0,1309.31,0.0,3,3,111.12459498699609
607,13214,22.0,78.0,251.0,1.0,7.0,3.0,8509155.91,2.0,2,1,111.1245949867887
608,56781,16.0,26.0,927.97,2.0,7.0,4.0,52288449.5,2.0,3,2,111.1245949867408
609,223497,0.0,1.0,1152.87,0.0,9.0,3.0,13126253.65,10.0,2,1,111.12459498742068
610,66707,16.0,19.0,5.8,0.0,5.0,3.0,6582606.18,10.0,2,3,111.12459498704828
611,986101,22.0,78.0,256.0,1.0,7.0,3.0,333455.71,10.0,2,2,111.124594987391
612,8845,1.0,6.0,3511.94,1.0,4.0,4.0,2166055.01,9.0,3,3,111.12459498668072
613,100828,20.0,75.0,169.43,0.0,0.0,1.0,36639881.74,9.0,3,1,111.12459498685229
614,8868,1.0,6.0,5623.16,1.0,3.0,1.0,6663270.06,9.0,3,2,111.1245949865825
615,309859,22.0,78.0,133.0,1.0,7.0,3.0,5305452.04,2.0,2,1,111.1245949867024
616,2201931,16.0,37.0,12.7,1.0,2.0,3.0,7806130.28,2.0,1,1,111.12459498699609
617,1523041,27.0,67.0,762.19,0.0,0.0,1.0,20849.72,5.0,3,2,111.12459498699609
618,164674,16.0,103.0,13.39,0.0,5.0,3.0,7301691.61,8.0,2,3,111.12459498704683
619,670348,1.0,6.0,1234.0,0.0,0.0,1.0,302689.47,9.0,3,3,111.12459498659662
620,223496,0.0,1.0,807.99,0.0,9.0,3.0,10432463.33,3.0,3,1,111.1245949874168
621,176057,22.0,78.0,862.97,1.0,7.0,3.0,63273.75,3.0,2,1,111.1245949870958
622,309844,22.0,78.0,26.14,1.0,7.0,2.0,147204.19,8.0,2,1,111.1245949868668
623,88175,16.0,97.0,12.29,0.0,5.0,3.0,1064143.83,2.0,1,1,111.1245949876049
624,135634,8.0,23.0,142.0,1.0,2.0,4.0,9534302.21,8.0,3,1,111.12459498663762
625,142660,12.0,68.0,608.0,1.0,7.0,4.0,116752.23,2.0,1,1,111.1245949867282
626,555335,25.0,92.0,443.28,0.0,9.0,0.0,7163922.1,3.0,2,1,111.12459498793028
627,55807,16.0,47.0,10.33,0.0,5.0,4.0,1239779.31,8.0,2,1,111.1245949880351
628,50365,1.0,6.0,2506.39,1.0,4.0,4.0,5891602.97,3.0,3,3,111.12459498669706
629,183525,16.0,103.0,10.7,0.0,5.0,3.0,864986.35,2.0,1,3,111.12459498707382
630,9121,14.0,83.0,717.12,1.0,3.0,2.0,33490842.86,9.0,3,1,111.12459498674384
631,1006542,9.0,4.0,62.2,0.0,5.0,3.0,799.13,2.0,1,1,111.12459498634416
632,279965,4.0,16.0,109.0,0.0,5.0,0.0,1808676.44,10.0,2,3,111.12459498699609
633,43466,0.0,1.0,392.98,0.0,9.0,0.0,29678658.41,3.0,3,3,111.12459498715684
634,223475,0.0,1.0,603.72,0.0,9.0,0.0,3542030.5,10.0,1,3,111.12459498741322
635,1208751,16.0,82.0,27.12,1.0,7.0,3.0,2206861.39,8.0,2,2,111.12459498727404
636,45798,16.0,52.0,15.86,0.0,5.0,4.0,8283.44,7.0,2,1,111.12459498748376
637,135627,8.0,23.0,352.0,1.0,2.0,4.0,10557795.16,8.0,2,1,111.1245949865635
638,135981,16.0,107.0,11.0,0.0,5.0,3.0,1154584.31,2.0,1,3,111.12459498657532
639,123631,16.0,62.0,10.22,0.0,5.0,3.0,,8.0,1,3,111.12459498699609
640,56429,16.0,71.0,11.4,0.0,5.0,3.0,2917225.84,8.0,2,3,111.12459498666183
641,1364862,16.0,102.0,13.43,0.0,5.0,2.0,13243497.76,2.0,1,3,111.12459498775598
642,678569,22.0,78.0,64.7,1.0,6.0,3.0,12318.07,2.0,2,3,111.12459498711472
643,9185,16.0,102.0,30.1,2.0,5.0,2.0,8383811.92,2.0,1,3,111.12459498766444
644,223441,0.0,1.0,1437.18,0.0,9.0,2.0,2780053.23,3.0,3,3,111.12459498752064
645,126836,25.0,92.0,1061.89,0.0,9.0,3.0,19847527.93,2.0,2,1,111.1245949881688
646,200368,16.0,102.0,75.7,2.0,5.0,3.0,4070825.4,2.0,1,1,111.12459498776272
647,915434,8.0,23.0,2235.0,1.0,7.0,4.0,207803.88,2.0,2,1,111.12459498648576
648,328043,6.0,45.0,328.89,0.0,0.0,2.0,1402.69,0.0,3,1,111.12459498699609
649,110671,17.0,9.0,201.5,0.0,0.0,4.0,7166813.3,9.0,3,1,111.12459498736234
650,119637,6.0,45.0,1529.04,0.0,7.0,2.0,2430897.95,0.0,3,3,111.12459498649956
651,8901,17.0,9.0,810.0,0.0,0.0,4.0,50345275.03,9.0,3,3,111.12459498759212
652,241569,22.0,78.0,206.0,1.0,7.0,3.0,544425.16,10.0,2,1,111.12459498672018
653,201335,16.0,46.0,28.4,0.0,5.0,3.0,1350037.32,2.0,1,1,111.12459498660618
654,225398,6.0,85.0,176.82,0.0,0.0,4.0,30584240.92,9.0,3,2,111.1245949873038
655,55661,10.0,30.0,111.36,0.0,5.0,3.0,37338142.79,2.0,2,3,111.12459498646948
656,232646,22.0,78.0,116.11,1.0,7.0,3.0,7699517.78,2.0,2,1,111.12459498664175
657,117199,16.0,0.0,6.4,0.0,5.0,3.0,4788831.67,10.0,2,1,111.12459498679074
658,258530,0.0,1.0,120.66,0.0,9.0,3.0,4785704.92,2.0,1,3,111.1245949871584
659,176022,22.0,78.0,525.0,1.0,1.0,3.0,413210.96,2.0,1,1,111.1245949868118
660,8996,12.0,55.0,1299.0,1.0,7.0,4.0,12744779.36,10.0,2,1,111.12459498684676
661,8832,1.0,6.0,567.04,1.0,3.0,2.0,1904941.91,2.0,3,3,111.12459498654972
662,51904,22.0,78.0,246.0,1.0,1.0,3.0,4158548.58,2.0,1,1,111.12459498698762
663,176015,22.0,78.0,119.62,1.0,1.0,3.0,116342.52,2.0,2,1,111.12459498698304
664,75840,1.0,6.0,377.45,1.0,3.0,1.0,6567683.13,9.0,3,2,111.12459498659544
665,52609,16.0,96.0,11.83,0.0,5.0,3.0,11967937.01,9.0,3,3,111.12459498746804
666,1450144,1.0,6.0,6377.96,1.0,3.0,1.0,5272186.12,9.0,3,3,111.12459498660031
667,371913,17.0,99.0,889.66,0.0,0.0,4.0,1204506.08,9.0,3,2,111.1245949867782
668,36243,8.0,23.0,232.94,1.0,7.0,4.0,16926350.97,10.0,3,3,111.12459498655772
669,254652,16.0,54.0,34.74,2.0,6.0,3.0,114533.35,8.0,2,2,111.12459498727944
670,176013,22.0,78.0,1214.0,1.0,7.0,3.0,8101232.43,2.0,1,1,111.12459498693914
671,371919,16.0,17.0,47.13,0.0,5.0,3.0,4524419.42,2.0,2,3,111.12459498679266
672,260902,16.0,37.0,21.02,1.0,2.0,4.0,10532097.13,3.0,3,2,111.12459498702628
673,37042,27.0,36.0,1490.52,0.0,0.0,0.0,191468.89,5.0,3,3,111.1245949873409
674,56278,1.0,6.0,433.98,1.0,3.0,1.0,3744079.85,9.0,3,3,111.12459498699609
675,358819,16.0,53.0,29.4,0.0,5.0,3.0,11710698.47,8.0,3,3,111.1245949876104
676,115134,0.0,1.0,1166.18,0.0,9.0,2.0,8574436.83,3.0,3,3,111.1245949875138
677,57393,22.0,78.0,214.0,1.0,7.0,3.0,7113.45,2.0,2,1,111.12459498680312
678,241536,16.0,19.0,9.9,0.0,5.0,2.0,3360146.45,8.0,2,2,111.12459498732116
679,118194,6.0,45.0,693.31,0.0,0.0,2.0,1459493.41,0.0,3,3,111.12459498648492
680,107210,16.0,51.0,11.1,0.0,5.0,3.0,7227952.51,2.0,1,1,111.12459498663333
681,261198,0.0,1.0,429.67,0.0,9.0,0.0,8393137.06,10.0,2,3,111.1245949873514
682,35542,22.0,78.0,63.26,1.0,2.0,3.0,214002.52,2.0,2,1,111.1245949866061
683,287016,6.0,45.0,339.0,0.0,7.0,2.0,2149631.88,9.0,3,1,111.12459498699609
684,3150545,16.0,98.0,20.9,1.0,2.0,3.0,2533030.55,8.0,2,2,111.12459498709104
685,9244,2.0,101.0,4.24,1.0,6.0,0.0,493015.73,10.0,2,2,111.12459498823682
686,297805,6.0,45.0,83.67,0.0,0.0,0.0,10089513.85,9.0,3,3,111.12459498635202
687,188376,17.0,9.0,1319.45,0.0,0.0,4.0,18110303.08,9.0,1,2,111.12459498684976
688,9135,16.0,37.0,24.3,1.0,2.0,2.0,10522.09,10.0,2,1,111.12459498733593
689,13180,22.0,14.0,94.61,1.0,2.0,4.0,6462401.72,3.0,3,2,111.1245949875228
690,187128,8.0,23.0,204.0,1.0,7.0,4.0,7382616.53,3.0,3,1,111.1245949868982
691,30466,28.0,100.0,843.47,1.0,7.0,4.0,5674200.18,3.0,3,1,111.1245949890206
692,37043,17.0,65.0,3427.84,0.0,0.0,0.0,1823742.36,5.0,3,1,111.12459498752236
693,51898,22.0,78.0,84.62,1.0,7.0,3.0,5764751.61,3.0,2,1,111.12459498699609
694,345164,11.0,34.0,961.21,0.0,9.0,2.0,11514254.26,3.0,3,3,111.12459498641186
695,100858,17.0,99.0,1493.18,0.0,0.0,4.0,17650108.45,9.0,3,1,111.12459498696592
696,178883,22.0,78.0,343.0,1.0,7.0,3.0,5824492.61,2.0,1,1,111.12459498685628
697,75855,1.0,6.0,595.21,1.0,3.0,1.0,690886.44,9.0,3,1,111.12459498657456
698,56440,16.0,71.0,11.8,0.0,5.0,3.0,1086226.67,2.0,2,3,111.1245949866913
699,238855,16.0,46.0,62.78,0.0,5.0,4.0,1868020.76,8.0,2,1,111.12459498656465
700,181101,16.0,96.0,13.82,2.0,5.0,3.0,11689099.28,9.0,3,2,111.1245949866407
701,507597,6.0,45.0,57.0,0.0,0.0,0.0,11965931.09,0.0,3,3,111.12459498699609
702,56268,25.0,92.0,1354.5,0.0,9.0,3.0,24426738.59,2.0,2,1,111.1245949880538
703,128050,6.0,45.0,198.0,0.0,0.0,2.0,563350.81,5.0,3,2,111.12459498646238
704,92683,24.0,90.0,3130.11,0.0,0.0,1.0,330067.23,5.0,3,2,111.12459498726702
705,177147,8.0,23.0,148.96,1.0,7.0,4.0,19495951.64,4.0,3,1,111.1245949864186
706,31908,6.0,41.0,526.0,0.0,0.0,4.0,9505624.97,0.0,3,1,111.1245949874032
707,58210,16.0,50.0,68.8,2.0,7.0,2.0,5678627.88,8.0,1,2,111.1245949871879
708,107024,1.0,6.0,1540.95,1.0,7.0,4.0,268823.5,3.0,3,2,111.12459498657854
709,30385,1.0,6.0,1075.69,1.0,3.0,1.0,5111761.27,9.0,3,3,111.12459498655492
710,160760,16.0,37.0,13.24,1.0,2.0,3.0,8968022.11,2.0,1,1,111.12459498699609
711,53665,21.0,76.0,1213.0,0.0,0.0,1.0,107346807.8,5.0,3,3,111.1245949869885
712,189534,1.0,6.0,1005.37,2.0,0.0,1.0,11929401.28,9.0,3,3,111.12459498657245
713,555330,20.0,75.0,1646.0,0.0,0.0,1.0,2909991.5,9.0,3,3,111.12459498730004
714,1892170,16.0,37.0,11.87,1.0,7.0,2.0,9532014.48,8.0,3,1,111.12459498699609
715,467031,22.0,78.0,1300.0,1.0,2.0,3.0,108291.56,2.0,1,1,111.12459498695046
716,126711,16.0,53.0,10.8,0.0,5.0,3.0,6006654.02,10.0,1,3,111.12459498770176
717,178882,22.0,78.0,939.99,1.0,1.0,3.0,7546.2,8.0,2,1,111.1245949869944
718,43150,16.0,42.0,17.91,0.0,5.0,0.0,51701054.06,4.0,3,3,111.1245949870341
719,196038,16.0,103.0,35.45,0.0,5.0,3.0,10591424.15,10.0,2,2,111.1245949871396
720,44397,16.0,63.0,21.91,2.0,7.0,2.0,10313728.38,8.0,2,2,111.124594987061
721,45631,1.0,6.0,624.01,2.0,0.0,1.0,3131751.24,9.0,3,2,111.12459498656528
722,171275,6.0,85.0,304.0,0.0,0.0,4.0,17136961.53,9.0,3,2,111.1245949873114
723,134902,16.0,26.0,518.82,2.0,7.0,3.0,,2.0,1,1,111.12459498683262
724,387794,0.0,1.0,358.66,0.0,9.0,2.0,8180196.71,2.0,1,1,111.12459498767495
725,1303088,3.0,12.0,508.09,1.0,1.0,3.0,3746150.74,2.0,1,1,111.12459498699609
726,43455,0.0,18.0,1518.24,3.0,8.0,4.0,28126442.74,4.0,3,2,111.12459498858112
727,2587770,6.0,41.0,692.0,0.0,0.0,4.0,136999.78,0.0,3,1,111.12459498689896
728,9055,12.0,68.0,918.84,1.0,7.0,4.0,289610.19,4.0,2,1,111.124594986421
729,9217,18.0,69.0,3031.59,0.0,0.0,4.0,241334.34,0.0,3,1,111.12459498716318
730,171273,6.0,20.0,250.0,0.0,0.0,4.0,3963258.28,3.0,3,3,111.12459498721124
731,435638,18.0,69.0,3031.59,0.0,0.0,4.0,5093092.47,9.0,3,2,111.1245949870483
732,68165,1.0,6.0,561.57,0.0,0.0,1.0,7912681.94,5.0,3,2,111.12459498673634
733,192213,16.0,15.0,74.72,0.0,5.0,2.0,99.32,2.0,1,1,111.12459498840678
734,8959,0.0,1.0,9320.55,3.0,8.0,4.0,7718571.19,2.0,2,1,111.1245949878046
735,1706835,7.0,21.0,1590.0,0.0,0.0,4.0,2119789.43,9.0,3,2,111.12459498750272
736,48150,16.0,71.0,8.3,0.0,5.0,3.0,16540252.02,2.0,1,3,111.12459498663092
737,1233216,12.0,68.0,1068.66,1.0,4.0,4.0,14007422.54,2.0,3,1,111.12459498699609
738,111811,4.0,16.0,67.0,0.0,5.0,0.0,19002486.05,8.0,2,3,111.12459498754072
739,8837,1.0,6.0,402.0,2.0,0.0,1.0,4317287.05,9.0,3,2,111.12459498650637
740,8875,1.0,6.0,789.99,1.0,4.0,4.0,4778055.17,3.0,3,2,111.12459498657816
741,504065,22.0,78.0,85.92,1.0,7.0,3.0,1732521.3,10.0,2,2,111.12459498679468
742,30390,17.0,9.0,1443.0,0.0,0.0,4.0,46421646.29,9.0,3,1,111.124594987473
743,194944,16.0,33.0,14.7,1.0,2.0,3.0,1585424.03,2.0,2,1,111.12459498676516
744,279960,6.0,41.0,601.45,0.0,0.0,4.0,1471742.97,0.0,3,1,111.12459498692148
745,126723,6.0,45.0,199.83,0.0,0.0,0.0,2802142.59,5.0,3,3,111.12459498699609
746,218281,0.0,1.0,453.65,0.0,9.0,3.0,4864047.78,2.0,2,3,111.12459498740394
747,34940,16.0,102.0,73.18,2.0,5.0,2.0,6362769.0,2.0,2,3,111.12459498767797
748,109974,12.0,68.0,5791.37,1.0,7.0,4.0,7259958.92,2.0,2,1,111.1245949865678
749,172680,15.0,57.0,1501.33,1.0,7.0,4.0,7754543.92,1.0,3,1,111.1245949867807
750,189526,19.0,72.0,34.96,0.0,5.0,4.0,17649135.86,10.0,1,3,111.12459498832874
751,9157,16.0,61.0,16.25,2.0,5.0,3.0,32577984.28,10.0,2,1,111.12459498749732
752,45630,1.0,6.0,488.11,2.0,0.0,1.0,8457229.37,9.0,3,1,111.12459498656528
753,3149790,16.0,37.0,18.22,1.0,6.0,3.0,3813.22,2.0,1,1,111.12459498741242
754,40217,16.0,63.0,19.5,1.0,2.0,2.0,10167654.77,2.0,2,3,111.12459498701044
755,337178,16.0,44.0,32.18,0.0,5.0,3.0,14145065.02,8.0,3,3,111.12459498680693
756,189535,1.0,6.0,704.55,2.0,3.0,1.0,4899833.68,9.0,3,3,111.12459498655043
757,231027,22.0,78.0,89.4,1.0,1.0,3.0,1514385.78,2.0,2,1,111.12459498698244
758,1463608,16.0,52.0,20.44,0.0,5.0,4.0,7678484.07,3.0,3,1,111.1245949872336
759,507958,25.0,92.0,132.0,0.0,5.0,3.0,13065137.78,4.0,2,1,111.1245949882085
760,272050,6.0,88.0,158.0,0.0,0.0,4.0,3716042.92,3.0,3,3,111.12459498627628
761,1517963,27.0,67.0,427.0,0.0,0.0,1.0,3849008.88,9.0,3,2,111.12459498699609
762,9046,12.0,68.0,1230.0,1.0,7.0,4.0,1072525.93,2.0,1,1,111.12459498640652
763,12983,22.0,14.0,275.0,1.0,2.0,3.0,4111.87,2.0,2,1,111.12459498724502
764,93934,12.0,68.0,94.78,1.0,7.0,4.0,3249717.59,3.0,3,3,111.12459498664884
765,8969,0.0,1.0,4729.27,0.0,0.0,0.0,17404346.92,7.0,3,2,111.12459498741556
766,555237,19.0,72.0,158.0,0.0,5.0,4.0,5881380.33,3.0,3,1,111.12459498784428
767,286692,16.0,37.0,37.84,1.0,2.0,3.0,134.59,10.0,2,1,111.12459498754014
768,328946,6.0,88.0,23.0,0.0,0.0,4.0,3436316.19,3.0,3,3,111.1245949864934
769,291285,16.0,51.0,13.69,0.0,5.0,3.0,6508.89,2.0,1,1,111.12459498669136
770,303320,22.0,78.0,206.0,1.0,1.0,3.0,1865113.69,2.0,1,1,111.12459498684758
771,56282,1.0,6.0,2044.12,1.0,4.0,4.0,1904.15,8.0,3,1,111.1245949864956
772,357707,11.0,34.0,296.0,2.0,7.0,4.0,3930614.85,3.0,3,2,111.12459498616478
773,9234,24.0,90.0,11731.07,0.0,0.0,1.0,24905.39,5.0,3,2,111.12459498727672
774,2778878,22.0,78.0,90.22,1.0,7.0,3.0,16389.72,2.0,1,1,111.12459498679048
775,40217,16.0,63.0,19.5,1.0,2.0,2.0,10167654.77,2.0,2,3,111.12459498701044
776,28701,6.0,5.0,593.01,0.0,0.0,1.0,1955692.47,5.0,3,3,111.12459498650315
777,56069,27.0,67.0,1806.49,0.0,0.0,1.0,4311610.21,5.0,3,2,111.12459498748376
778,84834,16.0,43.0,40.26,0.0,5.0,4.0,11727469.53,2.0,2,3,111.12459498686825
779,8801,26.0,93.0,111000.0,1.0,7.0,4.0,9653999.76,8.0,3,1,111.12459498901
780,369969,16.0,53.0,11.7,0.0,5.0,3.0,5734054.5,2.0,2,3,111.1245949876927
781,279942,6.0,20.0,54.39,0.0,0.0,4.0,501145.23,0.0,3,3,111.12459498703696
782,336387,22.0,78.0,116.0,1.0,7.0,3.0,126268.75,2.0,2,1,111.12459498672553
783,127946,16.0,102.0,67.74,2.0,5.0,2.0,13727296.63,2.0,1,3,111.12459498772868
784,8861,1.0,6.0,2880.37,1.0,4.0,4.0,749760.19,3.0,3,2,111.12459498650132
785,52792,16.0,102.0,17.23,0.0,5.0,2.0,19896158.85,3.0,2,3,111.12459498746584
786,317125,16.0,42.0,13.5,0.0,5.0,0.0,10997907.22,9.0,3,2,111.12459498718682
787,414892,16.0,33.0,13.6,1.0,2.0,2.0,7189322.58,3.0,2,1,111.12459498682068
788,188375,17.0,9.0,304.89,0.0,0.0,4.0,5458763.13,9.0,3,2,111.12459498742788
789,1171711,14.0,40.0,4540.62,2.0,7.0,4.0,616090.89,3.0,3,1,111.1245949867901
790,40816,14.0,40.0,5499.99,1.0,7.0,4.0,15456101.32,9.0,3,3,111.1245949868233
791,320702,6.0,88.0,48.0,0.0,0.0,4.0,25847437.41,9.0,3,3,111.12459498653348
792,259913,17.0,99.0,1228.0,0.0,0.0,4.0,15430.12,0.0,3,2,111.12459498755432
793,141839,22.0,14.0,841.0,1.0,7.0,3.0,716105.09,2.0,2,1,111.12459498712292
794,146617,27.0,67.0,2801.78,0.0,0.0,1.0,71833.77,5.0,3,1,111.12459498774572
795,74588,16.0,37.0,14.57,1.0,2.0,2.0,10268381.21,2.0,2,3,111.12459498702636
796,2709556,0.0,1.0,269.0,0.0,9.0,3.0,15043360.16,2.0,1,1,111.12459498699609
797,571888,16.0,37.0,30.4,1.0,2.0,4.0,3550336.59,7.0,3,2,111.12459498729685
798,247729,16.0,33.0,8.97,1.0,2.0,2.0,3578715.84,8.0,2,1,111.12459498674004
799,184712,1.0,6.0,1277.91,1.0,4.0,4.0,3125724.3,3.0,3,3,111.1245949865765
800,40818,14.0,40.0,3729.9,1.0,7.0,4.0,1609599.6,9.0,3,3,111.1245949868653
801,328041,6.0,45.0,638.61,0.0,0.0,2.0,327397.09,5.0,3,2,111.12459498647311
802,132587,1.0,6.0,2754.73,1.0,4.0,4.0,13919541.37,9.0,3,3,111.12459498665308
803,176045,22.0,78.0,147.0,1.0,7.0,3.0,2713959.34,10.0,3,1,111.124594986739
804,361449,9.0,49.0,29.5,0.0,5.0,3.0,6451756.43,10.0,3,3,111.12459498708354
805,48155,16.0,96.0,16.7,2.0,7.0,3.0,8628077.66,10.0,1,3,111.12459498696268
806,259256,16.0,33.0,14.0,1.0,2.0,2.0,844828.16,3.0,3,2,111.12459498685428
807,54769,16.0,37.0,13.0,1.0,2.0,2.0,18699058.4,2.0,1,2,111.12459498699609
808,2675479,16.0,94.0,49.4,2.0,5.0,2.0,3280985.0,2.0,2,3,111.12459498699609
809,1288290,6.0,45.0,256.0,0.0,7.0,2.0,250526.34,0.0,3,2,111.12459498699609
810,171269,6.0,88.0,62.05,0.0,0.0,4.0,16979550.25,9.0,3,3,111.12459498657958
811,317791,17.0,65.0,5505.0,0.0,0.0,1.0,5368503.51,9.0,3,1,111.12459498757958
812,2772041,6.0,45.0,569.29,0.0,0.0,2.0,661092.89,9.0,3,1,111.12459498699609
813,120794,11.0,34.0,1431.72,0.0,9.0,0.0,8809463.94,3.0,3,3,111.12459498637736
814,281916,22.0,78.0,117.47,1.0,7.0,3.0,5835819.27,3.0,2,1,111.12459498674473
815,279934,1.0,6.0,397.46,0.0,0.0,1.0,4859143.91,9.0,3,3,111.12459498667369
816,328019,6.0,45.0,523.5,2.0,7.0,4.0,472286.97,5.0,3,2,111.12459498653924
817,8964,0.0,1.0,704.07,0.0,9.0,0.0,13390803.81,9.0,3,2,111.12459498725376
818,75847,1.0,6.0,623.82,1.0,3.0,1.0,4166039.59,9.0,3,2,111.1245949865426
819,208526,12.0,68.0,751.72,1.0,7.0,4.0,5096258.34,2.0,1,1,111.1245949867023
820,176049,22.0,79.0,113.25,1.0,7.0,3.0,3345071.47,2.0,1,1,111.12459498667842
821,73107,15.0,57.0,6759.92,2.0,7.0,4.0,4521984.02,3.0,3,2,111.1245949867807
822,986098,22.0,14.0,437.0,1.0,2.0,3.0,769482.67,2.0,2,1,111.12459498694444
823,196523,10.0,30.0,23.12,0.0,5.0,2.0,7686831.12,10.0,2,1,111.1245949866561
824,585473,22.0,79.0,87.1,1.0,6.0,3.0,1066541.06,10.0,2,1,111.12459498666776
825,411519,16.0,102.0,66.7,0.0,5.0,4.0,1755458.64,2.0,1,3,111.1245949876489
826,75858,1.0,6.0,923.16,1.0,7.0,4.0,2186262.24,9.0,3,2,111.12459498699609
827,75485,6.0,45.0,415.99,0.0,0.0,0.0,2307068.48,5.0,3,2,111.1245949865434
828,335207,0.0,1.0,414.6,0.0,9.0,3.0,1828306.34,10.0,2,3,111.12459498742938
829,289485,6.0,45.0,112.0,0.0,0.0,0.0,7673719.22,5.0,3,3,111.12459498634472
830,58209,16.0,98.0,35.0,2.0,7.0,3.0,7925679.12,2.0,2,1,111.12459498780882
831,36275,16.0,46.0,21.39,0.0,5.0,3.0,2885282.76,8.0,1,1,111.12459498660618
832,399597,17.0,99.0,1726.0,0.0,7.0,4.0,5146136.12,3.0,3,2,111.1245949876233
833,52647,0.0,1.0,7756.99,0.0,0.0,2.0,1293649.63,9.0,3,3,111.12459498756976
834,9228,22.0,78.0,116.11,1.0,7.0,3.0,7699517.78,2.0,2,1,111.12459498664175
835,2856557,16.0,53.0,117.0,0.0,0.0,4.0,22221.54,2.0,1,1,111.12459498752916
836,75843,1.0,6.0,558.82,1.0,3.0,1.0,10763443.79,9.0,3,2,111.12459498653462
837,247735,16.0,33.0,11.4,1.0,2.0,4.0,1074490.65,10.0,2,1,111.1245949868293
838,279935,6.0,88.0,22.88,0.0,0.0,4.0,4973788.94,9.0,3,3,111.1245949862182
839,227186,6.0,45.0,188.0,0.0,0.0,0.0,1375360.34,5.0,3,3,111.12459498637904
840,52788,17.0,99.0,626.61,0.0,0.0,4.0,23712479.58,9.0,3,2,111.1245949871453
841,79626,24.0,90.0,2327.85,0.0,0.0,1.0,35718.74,5.0,3,2,111.12459498697412
842,232645,22.0,78.0,65.99,1.0,1.0,3.0,2783564.24,2.0,1,1,111.12459498658735
843,79643,24.0,90.0,4146.08,0.0,0.0,1.0,12591.58,5.0,3,2,111.1245949873357
844,28733,16.0,106.0,16.06,2.0,5.0,3.0,22981311.76,2.0,1,3,111.1245949871012
845,36247,0.0,1.0,7435.99,3.0,8.0,4.0,3487541.03,3.0,3,1,111.12459498798248
846,60463,22.0,78.0,48.3,1.0,2.0,3.0,133888.77,10.0,3,1,111.12459498672511
847,1278208,23.0,80.0,202.81,1.0,2.0,4.0,9267366.88,3.0,3,2,111.12459498693735
848,381039,16.0,87.0,7.53,0.0,5.0,3.0,1570790.14,10.0,2,1,111.12459498675209
849,468484,16.0,97.0,29.1,0.0,5.0,3.0,1727736.89,2.0,1,1,111.12459498758926
850,115695,8.0,23.0,330.74,1.0,2.0,4.0,5889502.17,2.0,3,1,111.12459498676142
851,127875,16.0,22.0,61.47,0.0,0.0,2.0,8499590.13,6.0,3,1,111.12459498731256
852,1288897,22.0,78.0,153.0,1.0,7.0,3.0,81178.47,2.0,2,2,111.12459498674856
853,210844,0.0,1.0,265.04,0.0,9.0,3.0,3366430.69,2.0,1,1,111.12459498751106
854,344233,11.0,34.0,208.17,0.0,5.0,0.0,28255832.68,10.0,3,3,111.12459498633228
855,671078,22.0,78.0,63.0,1.0,7.0,3.0,288572.86,2.0,2,1,111.1245949862988
856,449354,16.0,26.0,109.0,1.0,1.0,3.0,535100.57,2.0,1,1,111.12459498699576
857,30407,12.0,68.0,1122.49,1.0,7.0,2.0,396418.35,10.0,1,1,111.1245949868662
858,274062,22.0,79.0,176.89,1.0,6.0,3.0,663810.01,2.0,1,1,111.12459498673512
859,8880,1.0,6.0,1451.02,0.0,0.0,1.0,24915961.61,6.0,3,3,111.1245949865952
860,1155787,12.0,68.0,429.0,1.0,4.0,2.0,15669355.23,10.0,1,1,111.12459498699609
861,382670,22.0,78.0,333.0,1.0,7.0,3.0,2989007.27,2.0,1,1,111.1245949864664
862,349685,16.0,26.0,284.6,2.0,7.0,4.0,970986.53,0.0,3,1,111.12459498700316
863,75854,1.0,6.0,999.96,1.0,3.0,1.0,12862282.04,9.0,3,2,111.12459498653068
864,119606,6.0,45.0,1056.54,0.0,0.0,2.0,899194.26,0.0,3,3,111.12459498649048
865,39638,16.0,43.0,50.78,1.0,2.0,2.0,13703226.95,9.0,3,3,111.12459498694064
866,425641,6.0,45.0,655.0,0.0,0.0,0.0,6293644.91,9.0,3,3,111.12459498699609
867,232635,22.0,78.0,147.0,1.0,7.0,3.0,2572495.73,2.0,2,1,111.12459498658096
868,274060,22.0,79.0,156.0,1.0,6.0,3.0,28750.89,2.0,1,1,111.12459498670606
869,461219,16.0,66.0,14.47,0.0,5.0,3.0,5302401.74,2.0,2,3,111.124594987473
870,115675,8.0,23.0,237.0,1.0,7.0,3.0,582030.42,,1,2,111.12459498653992
871,54775,16.0,37.0,16.0,1.0,2.0,3.0,15348675.33,10.0,2,1,111.12459498745336
872,151758,22.0,78.0,370.0,1.0,1.0,3.0,7377327.39,2.0,2,1,111.1245949868764
873,151761,22.0,78.0,476.94,1.0,7.0,3.0,6626117.83,2.0,2,1,111.12459498674642
874,279936,6.0,88.0,51.71,0.0,0.0,4.0,1344741.13,0.0,3,3,111.12459498636964
875,37051,21.0,76.0,848.99,0.0,0.0,0.0,63607065.14,5.0,3,3,111.12459498699609
876,116580,0.0,1.0,949.76,0.0,9.0,3.0,9709846.76,3.0,3,3,111.12459498699609
877,467030,22.0,78.0,468.0,1.0,2.0,3.0,7426.04,8.0,2,1,111.1245949869773
878,9066,12.0,68.0,1204.58,1.0,2.0,4.0,531855.88,10.0,2,1,111.1245949866274
879,45644,1.0,6.0,807.46,1.0,4.0,4.0,5996685.1,9.0,3,1,111.12459498681584
880,1549135,22.0,78.0,150.91,1.0,7.0,3.0,5289098.3,2.0,2,1,111.12459498699242
881,158052,16.0,26.0,177.12,2.0,7.0,4.0,6726173.66,3.0,3,1,111.12459498669224
882,156567,16.0,61.0,9.2,2.0,5.0,3.0,18987457.58,2.0,1,1,111.12459498699609
883,56072,17.0,9.0,2523.41,0.0,0.0,4.0,12219055.66,9.0,3,2,111.12459498749706
884,100859,6.0,20.0,218.37,0.0,7.0,4.0,18594755.95,9.0,3,2,111.1245949873554
885,471715,22.0,78.0,89.44,1.0,2.0,3.0,785415.83,10.0,2,1,111.1245949866025
886,245849,16.0,50.0,53.64,2.0,7.0,3.0,6967.11,8.0,2,1,111.12459498733504
887,45639,1.0,6.0,1235.03,2.0,7.0,4.0,18403211.28,9.0,3,2,111.12459498657503
888,181117,16.0,77.0,20.24,2.0,5.0,4.0,6779516.3,2.0,2,1,111.1245949870958
889,9103,12.0,68.0,5791.37,1.0,7.0,4.0,7259958.92,2.0,2,1,111.1245949865678
890,311356,16.0,102.0,69.44,2.0,5.0,2.0,5028683.78,2.0,1,2,111.1245949876922
891,125294,16.0,37.0,18.45,0.0,5.0,4.0,5014357.44,8.0,2,3,111.12459498696028
892,704175,18.0,69.0,1500.0,1.0,3.0,4.0,248234.51,9.0,3,1,111.12459498689526
893,194947,16.0,98.0,20.5,2.0,7.0,3.0,7186078.25,2.0,2,1,111.12459498774643
894,2675520,0.0,1.0,1359.41,0.0,9.0,2.0,2013351.79,2.0,1,3,111.12459498699609
895,57075,25.0,92.0,711.49,0.0,9.0,3.0,6628563.52,2.0,2,1,111.1245949880874
896,54496,14.0,83.0,110.67,0.0,0.0,4.0,15247128.44,9.0,1,2,111.1245949862632
897,254541,16.0,51.0,82.57,0.0,0.0,4.0,6745925.59,3.0,2,1,111.12459498668804
898,181119,16.0,61.0,45.4,0.0,5.0,4.0,2316477.82,7.0,3,2,111.12459498718692
899,126702,6.0,45.0,1378.84,2.0,7.0,2.0,739530.35,0.0,3,3,111.12459498699609
900,555261,16.0,98.0,47.6,1.0,2.0,4.0,765363.1,10.0,2,1,111.12459498782002
901,267980,16.0,37.0,18.0,2.0,2.0,4.0,423016.56,2.0,1,3,111.12459498701968
902,37081,24.0,90.0,4105.1,0.0,0.0,1.0,940638.86,5.0,3,2,111.124594987266
903,152277,22.0,78.0,476.94,1.0,7.0,3.0,6626117.83,2.0,2,1,111.12459498674642
904,119609,6.0,45.0,1111.89,0.0,7.0,2.0,1659661.38,0.0,3,3,111.1245949864913
905,9079,12.0,68.0,527.86,1.0,4.0,4.0,953692.19,8.0,3,1,111.1245949865071
906,9218,18.0,69.0,3031.59,0.0,0.0,4.0,241334.34,0.0,3,1,111.12459498716318
907,37046,27.0,67.0,1239.29,0.0,0.0,2.0,18288655.94,9.0,3,1,111.12459498751538
908,216227,16.0,96.0,9.0,0.0,5.0,3.0,1315716.19,8.0,2,3,111.12459498699609
909,177143,8.0,23.0,330.0,1.0,1.0,3.0,565151.19,2.0,3,1,111.12459498636984
910,8863,1.0,6.0,4294.78,2.0,0.0,4.0,1907875.57,9.0,3,2,111.1245949867915
911,37601,16.0,37.0,26.0,1.0,2.0,2.0,10220595.83,10.0,2,1,111.12459498699609
912,52645,0.0,1.0,2827.01,0.0,0.0,0.0,5127370.7,0.0,2,1,111.12459498741433
913,69940,25.0,92.0,319.9,0.0,9.0,3.0,21131927.34,3.0,3,2,111.12459498811435
914,140443,12.0,68.0,934.33,2.0,7.0,4.0,1065487.04,2.0,1,1,111.12459498640348
915,223853,0.0,1.0,496.01,0.0,9.0,0.0,14372802.04,2.0,1,1,111.12459498743166
916,119607,6.0,45.0,1323.0,0.0,7.0,2.0,1114985.14,0.0,3,2,111.12459498648384
917,1192863,6.0,45.0,374.69,0.0,0.0,0.0,6411818.5,9.0,3,1,111.12459498699609
918,56330,0.0,1.0,130.59,0.0,9.0,0.0,,2.0,1,3,111.12459498741111
919,681206,16.0,59.0,81.84,1.0,1.0,3.0,109282.79,2.0,1,2,111.12459498696036
920,1702108,22.0,78.0,274.59,1.0,7.0,3.0,1483974.66,2.0,1,1,111.1245949871969
921,211511,22.0,78.0,72.0,1.0,7.0,3.0,1704534.47,2.0,1,1,111.1245949868607
922,523728,22.0,78.0,120.0,1.0,7.0,3.0,1544074.33,8.0,2,1,111.12459498686042
923,187445,16.0,73.0,18.59,1.0,2.0,2.0,10621873.64,3.0,3,2,111.1245949869219
924,279941,6.0,88.0,27.82,0.0,0.0,4.0,310485.3,8.0,3,3,111.1245949863267
925,45638,1.0,6.0,1418.68,2.0,7.0,4.0,3300063.22,9.0,3,2,111.12459498656584
926,141837,22.0,14.0,288.0,1.0,2.0,3.0,22755.84,2.0,2,1,111.1245949872592
927,1108811,17.0,65.0,3427.84,0.0,0.0,0.0,367189.12,5.0,3,1,111.12459498777518
928,48890,16.0,61.0,11.14,2.0,5.0,3.0,9072135.09,2.0,1,1,111.12459498699609
929,132586,1.0,6.0,1755.5,1.0,4.0,4.0,2594919.27,3.0,3,3,111.12459498669811
930,703991,22.0,78.0,89.59,1.0,7.0,3.0,1639893.0,2.0,2,1,111.12459498686076
931,111981,16.0,50.0,35.3,2.0,5.0,3.0,6824562.12,8.0,1,3,111.1245949872144
932,181099,16.0,26.0,79.0,2.0,7.0,3.0,13665114.77,10.0,1,3,111.1245949870411
933,50367,1.0,6.0,1557.16,0.0,0.0,1.0,1068843.97,0.0,3,2,111.12459498656058
934,409288,16.0,26.0,82.6,2.0,1.0,3.0,5911861.17,2.0,2,2,111.12459498704511
935,183522,16.0,103.0,13.1,0.0,5.0,3.0,6939803.44,2.0,1,3,111.12459498704038
936,262124,8.0,23.0,653.0,1.0,1.0,3.0,208499.28,2.0,2,1,111.12459498619694
937,36300,17.0,65.0,9512.09,0.0,0.0,1.0,3326029.46,9.0,3,2,111.12459498749506
938,48891,16.0,61.0,10.8,2.0,5.0,3.0,9078514.18,2.0,1,1,111.12459498699609
939,1002726,22.0,78.0,39.98,1.0,7.0,2.0,1494870.12,2.0,1,1,111.1245949868618
940,114375,16.0,27.0,357.0,2.0,1.0,3.0,2116677.8,2.0,1,2,111.12459498769527
941,328046,6.0,45.0,490.2,0.0,0.0,0.0,1411880.5,9.0,3,3,111.12459498699609
942,471714,22.0,79.0,173.51,1.0,7.0,3.0,14033.51,2.0,1,1,111.1245949868227
943,317158,16.0,42.0,22.2,0.0,5.0,0.0,19153028.31,3.0,3,3,111.12459498699609
944,111810,25.0,92.0,296.57,0.0,9.0,0.0,27618929.92,2.0,2,2,111.12459498795646
