NCBI Taxon ID,budding,lysis,budding_na,lysis_na,other_release,other_release_na
3052419,1,0,0,0,0,0
38170,0,0,0,0,1,0
3052449,1,0,0,0,0,0
2843617,1,0,0,0,0,0
2843618,1,0,0,0,0,0
3052438,1,0,0,0,0,0
2956058,1,0,0,0,0,0
3060464,1,0,0,0,0,0
2748241,1,0,0,0,0,0
3052372,1,0,0,0,0,0
3060467,1,0,0,0,0,0
3052593,1,0,0,0,0,0
1940570,0,1,0,0,0,0
1530251,0,1,0,0,0,0
2734536,0,1,0,0,0,0
2734537,0,1,0,0,0,0
1983771,0,0,0,0,1,0
1932006,0,0,0,0,1,0
889389,0,1,0,0,0,0
2844787,0,1,0,0,0,0
2734577,0,1,0,0,0,0
3050286,1,0,0,0,0,0
3050288,1,0,0,0,0,0
3052106,0,1,0,0,0,0
2734535,0,1,0,0,0,0
3052108,0,1,0,0,0,0
2734519,0,1,0,0,0,0
2094282,1,0,0,0,0,0
3052107,0,1,0,0,0,0
1399967,0,1,0,0,0,0
2575832,0,1,0,0,0,0
2844807,0,1,0,0,0,0
2845977,0,1,0,0,0,0
2613793,1,0,0,0,0,0
2845976,0,1,0,0,0,0
2845026,1,0,0,0,0,0
3052109,0,1,0,0,0,0
3052110,0,1,0,0,0,0
3052112,0,1,0,0,0,0
2845875,0,0,0,0,1,0
2844632,0,0,0,0,1,0
2844630,0,0,0,0,1,0
2844572,0,0,0,0,1,0
2844628,0,0,0,0,1,0
2844570,0,0,0,0,1,0
2844631,0,0,0,0,1,0
2844571,0,0,0,0,1,0
2845885,0,0,0,0,1,0
2845887,0,0,0,0,1,0
2845889,0,0,0,0,1,0
2845890,0,0,0,0,1,0
2845886,0,0,0,0,1,0
2845888,0,0,0,0,1,0
2202565,0,0,0,0,1,0
2715094,0,0,0,0,1,0
1678143,0,0,0,0,1,0
2956231,1,0,0,0,0,0
2955388,0,0,0,0,0,1
2956213,0,1,0,0,0,0
2956485,1,0,0,0,0,0
2956483,1,0,0,0,0,0
2956478,1,0,0,0,0,0
2956482,1,0,0,0,0,0
2604840,1,0,0,0,0,0
2137544,0,1,0,0,0,0
3060048,1,0,0,0,0,0
2604334,0,1,0,0,0,0
1511894,0,1,0,0,0,0
3059860,0,1,0,0,0,0
3059857,0,1,0,0,0,0
3059858,0,1,0,0,0,0
3059859,0,1,0,0,0,0
3059872,0,1,0,0,0,0
3059861,0,1,0,0,0,0
3059862,0,1,0,0,0,0
1955137,1,0,0,0,0,0
3059946,0,1,0,0,0,0
3059936,0,1,0,0,0,0
3059940,0,1,0,0,0,0
3059942,0,1,0,0,0,0
3059938,0,1,0,0,0,0
3059916,0,1,0,0,0,0
3059924,0,1,0,0,0,0
2873951,0,1,0,0,0,0
2873952,0,1,0,0,0,0
2956303,0,0,0,0,0,1
2560644,0,1,0,0,0,0
3052810,1,0,0,0,0,0
2734404,1,0,0,0,0,0
3048261,0,1,0,0,0,0
2956349,1,0,0,0,0,0
694014,1,0,0,0,0,0
2569586,1,0,0,0,0,0
400570,0,1,0,0,0,0
1146876,0,1,0,0,0,0
2560612,0,1,0,0,0,0
3052400,1,0,0,0,0,0
3052421,1,0,0,0,0,0
2109374,0,0,0,0,0,1
2109373,0,0,0,0,0,1
1930304,1,0,0,0,0,0
1634476,0,1,0,0,0,0
2094713,0,0,0,0,1,0
3051984,0,1,0,0,0,0
3047745,0,1,0,0,0,0
272636,0,1,0,0,0,0
2734539,0,1,0,0,0,0
2844806,0,1,0,0,0,0
3052539,1,0,0,0,0,0
3051369,1,0,0,0,0,0
2099352,0,1,0,0,0,0
2364132,1,0,0,0,0,0
574549,1,0,0,0,0,0
1548721,1,0,0,0,0,0
1972581,1,0,0,0,0,0
1511772,0,1,0,0,0,0
1755590,0,1,0,0,0,0
190065,0,1,0,0,0,0
3047744,0,1,0,0,0,0
2170005,0,1,0,0,0,0
2170008,0,1,0,0,0,0
3051366,1,0,0,0,0,0
3051378,1,0,0,0,0,0
3051379,1,0,0,0,0,0
3051380,1,0,0,0,0,0
3051381,1,0,0,0,0,0
2169709,0,1,0,0,0,0
2955939,0,1,0,0,0,0
2169904,0,1,0,0,0,0
2844965,0,0,0,0,1,0
2844966,0,0,0,0,1,0
3052448,1,0,0,0,0,0
1548713,1,0,0,0,0,0
1884878,1,0,0,0,0,0
3051372,1,0,0,0,0,0
3051374,1,0,0,0,0,0
3051375,1,0,0,0,0,0
3051368,1,0,0,0,0,0
2170006,0,1,0,0,0,0
2059380,0,1,0,0,0,0
1964370,0,1,0,0,0,0
2006642,0,1,0,0,0,0
2018685,1,0,0,0,0,0
3051367,1,0,0,0,0,0
3047812,0,1,0,0,0,0
2170007,0,1,0,0,0,0
1972618,1,0,0,0,0,0
1349999,0,0,0,0,1,0
3050267,1,0,0,0,0,0
2170004,0,1,0,0,0,0
1923351,0,0,0,0,0,1
1938656,0,0,0,0,0,1
3048326,1,0,0,0,0,0
1923350,0,0,0,0,0,1
2560343,0,1,0,0,0,0
2844629,0,0,0,0,1,0
1930302,0,0,0,0,0,1
2169708,0,1,0,0,0,0
1548720,1,0,0,0,0,0
1548722,1,0,0,0,0,0
3051377,1,0,0,0,0,0
2005055,0,1,0,0,0,0
1843768,0,0,0,0,0,1
1843769,0,0,0,0,0,1
1843770,0,0,0,0,0,1
2844550,0,0,0,0,1,0
2844603,0,0,0,0,1,0
2844428,0,0,0,0,1,0
2844427,0,0,0,0,1,0
1766557,0,1,0,0,0,0
1766559,0,1,0,0,0,0
1755588,0,1,0,0,0,0
336486,0,1,0,0,0,0
2844429,0,0,0,0,1,0
2844799,0,1,0,0,0,0
1671382,0,0,0,0,1,0
3048458,0,1,0,0,0,0
2003391,0,1,0,0,0,0
3052463,1,0,0,0,0,0
1891750,0,1,0,0,0,0
2003673,0,1,0,0,0,0
2956351,1,0,0,0,0,0
2844644,0,0,0,0,1,0
2844555,0,0,0,0,1,0
2844561,0,0,0,0,1,0
2844562,0,0,0,0,1,0
2844476,0,0,0,0,1,0
2844445,0,0,0,0,1,0
2844446,0,0,0,0,1,0
2844447,0,0,0,0,1,0
2170052,0,1,0,0,0,0
3051383,1,0,0,0,0,0
2734408,1,0,0,0,0,0
3051365,1,0,0,0,0,0
3051373,1,0,0,0,0,0
2560309,1,0,0,0,0,0
3051371,1,0,0,0,0,0
3051376,1,0,0,0,0,0
3052594,1,0,0,0,0,0
1027468,1,0,0,0,0,0
3048350,0,1,0,0,0,0
1534544,0,1,0,0,0,0
1985982,0,1,0,0,0,0
1985983,0,1,0,0,0,0
1534547,0,1,0,0,0,0
1511776,0,1,0,0,0,0
1534553,0,1,0,0,0,0
40060,0,0,0,0,1,0
1548417,0,1,0,0,0,0
648998,0,1,0,0,0,0
10264,0,1,0,0,0,0
1922208,0,0,0,0,1,0
1493858,0,1,0,0,0,0
2169685,0,1,0,0,0,0
1481452,0,1,0,0,0,0
1921778,0,0,0,0,1,0
1282443,0,0,0,0,0,1
1282444,0,0,0,0,0,1
2845936,0,0,0,0,1,0
1330070,0,1,0,0,0,0
1891749,0,1,0,0,0,0
1962301,0,1,0,0,0,0
1962302,0,1,0,0,0,0
183405,1,0,0,0,0,0
183407,1,0,0,0,0,0
190062,0,1,0,0,0,0
1891752,0,1,0,0,0,0
1193420,0,1,0,0,0,0
1159907,1,0,0,0,0,0
1159906,1,0,0,0,0,0
1159903,1,0,0,0,0,0
1159904,1,0,0,0,0,0
1159908,1,0,0,0,0,0
1159902,1,0,0,0,0,0
1128118,1,0,0,0,0,0
886980,0,1,0,0,0,0
1089138,0,1,0,0,0,0
3048360,1,0,0,0,0,0
928289,0,1,0,0,0,0
691961,0,1,0,0,0,0
2844800,0,1,0,0,0,0
190063,0,1,0,0,0,0
11864,1,0,0,0,0,0
1146875,0,1,0,0,0,0
335100,1,0,0,0,0,0
1511803,0,1,0,0,0,0
1511781,0,1,0,0,0,0
3049524,1,0,0,0,0,0
11024,1,0,0,0,0,0
905828,0,0,0,0,1,0
572290,1,0,0,0,0,0
1297661,1,0,0,0,0,0
3047861,0,1,0,0,0,0
3047835,0,1,0,0,0,0
3048293,0,1,0,0,0,0
3048341,0,1,0,0,0,0
1891748,0,1,0,0,0,0
1891751,0,1,0,0,0,0
2955291,1,0,0,0,0,0
3047813,0,1,0,0,0,0
11636,1,0,0,0,0,0
1511895,0,1,0,0,0,0
93465,1,0,0,0,0,0
12639,1,0,0,0,0,0
3050344,1,0,0,0,0,0
197772,0,0,0,0,1,0
3047842,0,1,0,0,0,0
3047720,0,1,0,0,0,0
3050320,1,0,0,0,0,0
3050342,0,1,0,0,0,0
3050287,1,0,0,0,0,0
70793,0,0,0,0,1,0
3048151,1,0,0,0,0,0
3048447,1,0,0,0,0,0
3047743,0,1,0,0,0,0
3048158,1,0,0,0,0,0
2810457,0,0,0,0,1,0
3048448,1,0,0,0,0,0
190064,0,1,0,0,0,0
1985367 ,0,0,0,0,1,0
2766787,0,1,0,0,0,0
2844804,0,1,0,0,0,0
190061,0,1,0,0,0,0
548681,0,0,0,0,0,1
10535,0,1,0,0,0,0
3047384,1,0,0,0,0,0
39725,0,1,0,0,0,0
39725,0,1,0,0,0,0
39725,0,1,0,0,0,0
1221219,0,1,0,0,0,0
39725,0,1,0,0,0,0
39725,0,1,0,0,0,0
39725,0,1,0,0,0,0
39725,0,1,0,0,0,0
39725,0,1,0,0,0,0
39725,0,1,0,0,0,0
39725,0,1,0,0,0,0
39725,0,1,0,0,0,0
39725,0,1,0,0,0,0
39725,0,1,0,0,0,0
142661,0,1,0,0,0,0
39725,0,1,0,0,0,0
349370,0,1,0,0,0,0
39725,0,1,0,0,0,0
39725,0,1,0,0,0,0
39725,0,1,0,0,0,0
36362,0,1,0,0,0,0
10261,0,1,0,0,0,0
130328,0,1,0,0,0,0
2671518,0,1,0,0,0,0
2217649,0,1,0,0,0,0
1301246,0,1,0,0,0,0
2671519,0,1,0,0,0,0
1897654,0,0,0,0,1,0
352474,0,0,0,0,1,0
11034,1,0,0,0,0,0
1891747,0,1,0,0,0,0
691956,0,1,0,0,0,0
3047561,0,1,0,0,0,0
3047385,1,0,0,0,0,0
1911231,1,0,0,0,0,0
3051983,0,1,0,0,0,0
3250174,0,1,0,0,0,0
2832629,1,0,0,0,0,0
1354736,0,1,0,0,0,0
28875,1,0,0,0,0,0
3242737,0,0,0,0,1,0
298333,0,1,0,0,0,0
1928336,0,1,0,0,0,0
1914440,0,0,0,0,1,0
70796,0,1,0,0,0,0
1354735,0,0,0,0,1,0
3048443,1,0,0,0,0,0
3080522,1,0,0,0,0,0
3233541,1,0,0,0,0,0
908207,1,0,0,0,0,0
1678144,0,0,0,0,1,0
2699166,0,1,0,0,0,0
28295,1,0,0,0,0,0
3163392,0,1,0,0,0,0
2809560,0,1,0,0,0,0
2569971,0,0,0,0,0,1
3138950,0,0,0,0,0,1
3138951,0,0,0,0,0,1
3042447,0,1,0,0,0,0
2963861,0,0,0,0,0,1
3138952,0,0,0,0,0,1
2874383,0,1,0,0,0,0
1964372,0,1,0,0,0,0
2748378,0,0,0,0,0,1
1608440,0,0,0,0,0,1
3138953,0,0,0,0,0,1
3049970,0,1,0,0,0,0
3049969,0,1,0,0,0,0
3155980,0,1,0,0,0,0
3155981,0,1,0,0,0,0
3155982,0,1,0,0,0,0
3153733,1,0,0,0,0,0
3153734,1,0,0,0,0,0
1649337,1,0,0,0,0,0
2910303,0,0,0,0,1,0
68887,0,1,0,0,0,0
3138814,0,1,0,0,0,0
3138815,0,1,0,0,0,0
3117183,0,1,0,0,0,0
3117122,0,1,0,0,0,0
3117181,0,1,0,0,0,0
3117180,0,1,0,0,0,0
3117225,0,1,0,0,0,0
3117115,0,1,0,0,0,0
3117116,0,1,0,0,0,0
3116695,0,0,0,0,0,1
3117070,0,1,0,0,0,0
3117217,0,1,0,0,0,0
3115873,0,1,0,0,0,0
3117216,0,1,0,0,0,0
3117185,0,1,0,0,0,0
3117261,0,1,0,0,0,0
3117098,0,1,0,0,0,0
3117270,0,1,0,0,0,0
3117034,0,1,0,0,0,0
3117208,0,1,0,0,0,0
3117119,0,1,0,0,0,0
3117160,0,1,0,0,0,0
3117078,0,1,0,0,0,0
3117230,0,1,0,0,0,0
3117121,0,1,0,0,0,0
3116987,0,0,0,0,1,0
3117282,0,1,0,0,0,0
3117226,0,1,0,0,0,0
3117037,0,1,0,0,0,0
3117117,0,1,0,0,0,0
3117099,0,1,0,0,0,0
3117064,0,1,0,0,0,0
3117178,0,1,0,0,0,0
3117100,0,1,0,0,0,0
3115994,0,1,0,0,0,0
3117179,0,1,0,0,0,0
3117080,0,1,0,0,0,0
3117036,0,1,0,0,0,0
3117039,0,1,0,0,0,0
3117274,0,1,0,0,0,0
3117182,0,1,0,0,0,0
3115989,0,1,0,0,0,0
3116726,0,0,0,0,0,1
3116978,0,0,0,0,1,0
3117038,0,1,0,0,0,0
3117279,0,1,0,0,0,0
3117280,0,1,0,0,0,0
3116679,0,0,0,0,0,1
3117081,0,1,0,0,0,0
3116680,0,0,0,0,0,1
3115938,0,0,0,0,1,0
3117184,0,1,0,0,0,0
3117118,0,1,0,0,0,0
3117207,0,1,0,0,0,0
3117231,0,1,0,0,0,0
3117079,0,1,0,0,0,0
3117206,0,1,0,0,0,0
3117276,0,1,0,0,0,0
3117287,0,1,0,0,0,0
3117269,0,1,0,0,0,0
3117205,0,1,0,0,0,0
3115995,0,1,0,0,0,0
3117175,0,1,0,0,0,0
3134257,0,1,0,0,0,0
1702318,0,1,0,0,0,0
44088,0,1,0,0,0,0
3134033,1,0,0,0,0,0
3129245,1,0,0,0,0,0
3129244,1,0,0,0,0,0
3127497,0,1,0,0,0,0
3127498,0,1,0,0,0,0
3127499,0,1,0,0,0,0
3127500,0,1,0,0,0,0
3127501,0,1,0,0,0,0
3127502,0,1,0,0,0,0
11961,1,0,0,0,0,0
928291,0,0,0,0,1,0
3079711,0,0,0,0,1,0
2875327,0,1,0,0,0,0
3112648,0,0,0,0,0,1
3112649,0,0,0,0,0,1
3112650,0,0,0,0,0,1
3112651,0,0,0,0,0,1
3112652,0,0,0,0,0,1
3112653,0,0,0,0,0,1
3112654,0,0,0,0,0,1
3112655,0,0,0,0,0,1
3112656,0,0,0,0,0,1
3112657,0,0,0,0,0,1
3112658,0,0,0,0,0,1
3112659,0,0,0,0,0,1
3112660,0,0,0,0,0,1
3112661,0,0,0,0,0,1
3112662,0,0,0,0,0,1
3112663,0,0,0,0,0,1
3112664,0,0,0,0,0,1
3112667,0,0,0,0,0,1
3112675,0,0,0,0,0,1
3112676,0,0,0,0,0,1
3112677,0,0,0,0,0,1
3112678,0,0,0,0,0,1
3112679,0,0,0,0,0,1
3112680,0,0,0,0,0,1
3112681,0,0,0,0,0,1
3112682,0,0,0,0,0,1
3112683,0,0,0,0,0,1
3112684,0,0,0,0,0,1
3112685,0,0,0,0,1,0
3112686,0,0,0,0,1,0
3112687,0,0,0,0,1,0
3112688,0,0,0,0,0,1
3112689,0,0,0,0,0,1
3112690,0,0,0,0,0,1
3112691,0,0,0,0,0,1
3118410,0,1,0,0,0,0
3064243,1,0,0,0,0,0
1239439,0,0,0,0,1,0
2163008,1,0,0,0,0,0
3113012,0,1,0,0,0,0
3112618,0,0,0,0,1,0
2202624,1,0,0,0,0,0
1517684,0,0,0,0,1,0
11309,1,0,0,0,0,0
3104762,0,1,0,0,0,0
3104763,0,1,0,0,0,0
3104764,0,1,0,0,0,0
3104765,0,1,0,0,0,0
3106067,0,0,0,0,1,0
3106068,0,1,0,0,0,0
3077354,0,0,0,0,1,0
1987106,0,1,0,0,0,0
2809444,0,1,0,0,0,0
3085107,0,1,0,0,0,0
3085108,0,1,0,0,0,0
1891746,0,1,0,0,0,0
3090915,0,1,0,0,0,0
3090916,0,1,0,0,0,0
3090917,0,1,0,0,0,0
3085222,0,1,0,0,0,0
3085220,0,1,0,0,0,0
3085221,0,1,0,0,0,0
3085223,0,1,0,0,0,0
2844802,0,1,0,0,0,0
3042372,0,1,0,0,0,0
336959,0,0,0,0,1,0
3080879,0,0,0,0,1,0
3077833,1,0,0,0,0,0
3074439,0,0,0,0,0,1
3074466,0,1,0,0,0,0
3073259,0,1,0,0,0,0
2809412,0,1,0,0,0,0
3069714,0,1,0,0,0,0
2874388,0,1,0,0,0,0
2992309,1,0,0,0,0,0
3062345,0,1,0,0,0,0
3062346,0,1,0,0,0,0
3062347,0,1,0,0,0,0
2962496,0,0,0,0,1,0
643132,1,0,0,0,0,0
3052416,1,0,0,0,0,0
3051319,1,1,0,0,0,0
2717633,1,0,0,0,0,0
2928393,0,0,0,0,0,1
2794570,0,1,0,0,0,0
3042376,1,0,0,0,0,0
3042448,0,1,0,0,0,0
3042449,0,1,0,0,0,0
2809295,0,1,0,0,0,0
2844803,0,1,0,0,0,0
11021,1,0,0,0,0,0
3040023,0,0,0,0,0,1
2585031,0,0,0,0,0,1
3031139,1,0,0,0,0,0
3031140,1,0,0,0,0,0
3031141,1,0,0,0,0,0
104388,1,0,0,0,0,0
3029445,0,1,0,0,0,0
2593122,0,0,0,0,0,1
3019552,1,1,0,0,0,0
3052381,1,0,0,0,0,0
3021812,0,1,0,0,0,0
3004181,1,0,0,0,0,0
3004182,1,0,0,0,0,0
2996228,0,1,0,0,0,0
2996223,0,1,0,0,0,0
2996224,0,0,0,0,1,0
2996209,0,1,0,0,0,0
2996208,0,1,0,0,0,0
2996214,0,1,0,0,0,0
2996215,0,1,0,0,0,0
2996213,0,1,0,0,0,0
2996226,0,0,0,0,1,0
2996219,0,1,0,0,0,0
2996216,0,1,0,0,0,0
2996211,0,1,0,0,0,0
2996210,0,1,0,0,0,0
2996207,0,1,0,0,0,0
2996218,0,1,0,0,0,0
2996212,0,1,0,0,0,0
2996227,0,0,0,0,1,0
2996217,0,1,0,0,0,0
2996225,0,0,0,0,1,0
2996221,0,1,0,0,0,0
2996220,0,1,0,0,0,0
11886,1,0,0,0,0,0
2956479,1,0,0,0,0,0
2956481,1,0,0,0,0,0
2986276,0,1,0,0,0,0
2875326,0,1,0,0,0,0
2874139,0,1,0,0,0,0
2928890,0,1,0,0,0,0
2809168,0,0,0,0,1,0
2994410,0,1,0,0,0,0
644610,1,0,0,0,0,0
2992313,0,1,0,0,0,0
2987487,0,1,0,0,0,0
2942216,1,1,0,0,0,0
1294098,0,1,0,0,0,0
2986032,0,0,0,0,1,0
2986033,0,0,0,0,1,0
2986034,0,0,0,0,1,0
2986035,0,0,0,0,1,0
2985990,0,0,0,0,0,1
2985991,0,0,0,0,0,1
2985992,0,0,0,0,0,1
2985993,0,0,0,0,0,1
2985994,0,0,0,0,0,1
2985995,0,0,0,0,0,1
2985996,0,0,0,0,0,1
2985997,0,0,0,0,0,1
2985998,0,0,0,0,0,1
2985999,0,0,0,0,0,1
2986000,0,0,0,0,0,1
2986001,0,0,0,0,0,1
2986002,0,0,0,0,0,1
2986003,0,0,0,0,0,1
2986004,0,0,0,0,0,1
2986005,0,0,0,0,0,1
2986006,0,0,0,0,0,1
2986007,0,0,0,0,0,1
2986008,0,0,0,0,0,1
2986009,0,0,0,0,0,1
2986010,0,0,0,0,0,1
2986011,0,0,0,0,0,1
2986012,0,0,0,0,0,1
2986013,0,0,0,0,0,1
2986014,0,0,0,0,0,1
2986015,0,0,0,0,0,1
2986016,0,0,0,0,0,1
2986017,0,0,0,0,0,1
2986018,0,0,0,0,0,1
2986019,0,0,0,0,0,1
2986020,0,0,0,0,0,1
2986021,0,0,0,0,0,1
2986022,0,0,0,0,0,1
2986023,0,0,0,0,0,1
2986024,0,0,0,0,0,1
2986025,0,0,0,0,0,1
2986026,0,0,0,0,0,1
2986027,0,0,0,0,0,1
2986028,0,0,0,0,0,1
2986029,0,0,0,0,0,1
2986030,0,0,0,0,0,1
2983543,1,0,0,0,0,0
2748958,1,0,0,0,0,0
2982300,1,0,0,0,0,0
2976936,0,1,0,0,0,0
2976362,0,0,0,0,1,0
2875246,0,1,0,0,0,0
2875244,0,1,0,0,0,0
2875245,0,1,0,0,0,0
928292,0,0,0,0,1,0
1239438,0,0,0,0,1,0
2585114,0,0,0,0,1,0
2963835,0,1,0,0,0,0
2862777,0,1,0,0,0,0
2855326,0,0,0,0,1,0
1972696,0,1,0,0,0,0
2936950,0,0,0,0,1,0
2936980,0,1,0,0,0,0
2936979,0,0,0,0,1,0
2936949,0,0,0,0,1,0
2936955,0,0,0,0,1,0
2936956,0,0,0,0,1,0
2936957,0,0,0,0,1,0
2936958,0,0,0,0,1,0
2936959,0,0,0,0,1,0
2936960,0,0,0,0,1,0
2936981,1,0,0,0,0,0
2936951,0,1,0,0,0,0
2936952,0,1,0,0,0,0
2936953,0,1,0,0,0,0
2936954,0,1,0,0,0,0
2936962,0,1,0,0,0,0
2936965,0,1,0,0,0,0
2936966,0,1,0,0,0,0
2936967,0,1,0,0,0,0
2936968,0,1,0,0,0,0
2936969,0,1,0,0,0,0
2936970,0,1,0,0,0,0
2936971,0,1,0,0,0,0
2936972,0,1,0,0,0,0
2936963,0,1,0,0,0,0
2936964,0,1,0,0,0,0
2936961,0,0,0,0,1,0
2936973,0,0,0,0,0,1
2936974,0,0,0,0,0,1
2936975,0,0,0,0,0,1
2936976,0,0,0,0,0,1
2936977,0,0,0,0,0,1
2936978,0,0,0,0,0,1
2928886,0,1,0,0,0,0
2928887,0,1,0,0,0,0
2928888,0,1,0,0,0,0
2928889,0,1,0,0,0,0
2928878,0,1,0,0,0,0
2928879,0,1,0,0,0,0
2928880,0,1,0,0,0,0
2928881,0,1,0,0,0,0
2928882,0,1,0,0,0,0
2928883,0,1,0,0,0,0
2928884,0,1,0,0,0,0
2928885,0,1,0,0,0,0
2952659,1,0,0,0,0,0
1294092,0,1,0,0,0,0
2945983,0,1,0,0,0,0
1649336,1,0,0,0,0,0
1618249,0,1,0,0,0,0
2832253,0,0,0,0,1,0
2832254,0,0,0,0,1,0
2832255,0,1,0,0,0,0
2832257,0,1,0,0,0,0
2832256,0,1,0,0,0,0
2832239,0,1,0,0,0,0
2832240,0,1,0,0,0,0
2832241,0,1,0,0,0,0
2832242,0,1,0,0,0,0
2832243,0,1,0,0,0,0
2832244,0,1,0,0,0,0
2832259,0,0,0,0,0,1
2832268,0,0,0,0,0,1
2832269,0,0,0,0,0,1
2832270,0,0,0,0,0,1
2832271,0,0,0,0,0,1
2832272,0,0,0,0,0,1
2832273,0,0,0,0,0,1
2832274,0,0,0,0,0,1
2832275,0,0,0,0,0,1
2832260,0,0,0,0,0,1
2832261,0,0,0,0,0,1
2832262,0,0,0,0,0,1
2832263,0,0,0,0,0,1
2832264,0,0,0,0,0,1
2832265,0,0,0,0,0,1
2832266,0,0,0,0,0,1
2832267,0,0,0,0,0,1
2832252,1,0,0,0,0,0
2832251,0,0,0,0,1,0
2832211,0,1,0,0,0,0
2832212,0,1,0,0,0,0
2832213,0,1,0,0,0,0
2832214,0,1,0,0,0,0
2832173,0,1,0,0,0,0
2832174,0,1,0,0,0,0
2832175,0,1,0,0,0,0
2832176,0,1,0,0,0,0
2832177,0,1,0,0,0,0
2832178,0,1,0,0,0,0
2832179,0,1,0,0,0,0
2832180,0,1,0,0,0,0
2832181,0,1,0,0,0,0
2832153,0,0,0,0,1,0
2832154,0,0,0,0,1,0
2832155,0,0,0,0,1,0
2832156,0,0,0,0,1,0
2832157,0,0,0,0,1,0
2832158,0,0,0,0,1,0
2832159,0,0,0,0,1,0
2832160,0,0,0,0,1,0
2832161,0,0,0,0,1,0
2832162,0,0,0,0,1,0
2832163,0,0,0,0,1,0
2832164,0,0,0,0,1,0
2832165,0,0,0,0,1,0
2832166,0,0,0,0,1,0
2832167,0,0,0,0,1,0
2832152,0,0,0,0,1,0
2832171,1,0,0,0,0,0
2832172,1,0,0,0,0,0
2832168,1,0,0,0,0,0
2832169,1,0,0,0,0,0
2832170,1,0,0,0,0,0
2832182,0,1,0,0,0,0
2832193,0,1,0,0,0,0
2832204,0,1,0,0,0,0
2832205,0,1,0,0,0,0
2832206,0,1,0,0,0,0
2832207,0,1,0,0,0,0
2832208,0,1,0,0,0,0
2832209,0,1,0,0,0,0
2832210,0,1,0,0,0,0
2832183,0,1,0,0,0,0
2832184,0,1,0,0,0,0
2832185,0,1,0,0,0,0
2832186,0,1,0,0,0,0
2832187,0,1,0,0,0,0
2832188,0,1,0,0,0,0
2832189,0,1,0,0,0,0
2832190,0,1,0,0,0,0
2832191,0,1,0,0,0,0
2832192,0,1,0,0,0,0
2832194,0,1,0,0,0,0
2832195,0,1,0,0,0,0
2832196,0,1,0,0,0,0
2832197,0,1,0,0,0,0
2832198,0,1,0,0,0,0
2832199,0,1,0,0,0,0
2832200,0,1,0,0,0,0
2832201,0,1,0,0,0,0
2832202,0,1,0,0,0,0
2832203,0,1,0,0,0,0
2832245,0,1,0,0,0,0
2832246,0,1,0,0,0,0
2832247,0,1,0,0,0,0
2832222,0,0,0,0,1,0
2832223,0,0,0,0,1,0
2832224,0,0,0,0,1,0
2944714,0,1,0,0,0,0
2809629,1,0,0,0,0,0
2809562,1,0,0,0,0,0
1955153,0,1,0,0,0,0
2583049,0,1,0,0,0,0
2940294,0,1,0,0,0,0
2928837,1,1,0,0,0,0
2811222,1,1,0,0,0,0
2726020,0,1,0,0,0,0
2052559,0,1,0,0,0,0
2558258,0,0,0,0,1,0
10970,1,0,0,0,0,0
2809150,0,1,0,0,0,0
2715213,0,1,0,0,0,0
1916234,0,1,0,0,0,0
2809473,0,0,0,0,1,0
1930506,0,1,0,0,0,0
3051382,1,0,0,0,0,0
3051370,1,0,0,0,0,0
2489503,0,0,0,0,0,1
2928392,0,0,0,0,0,1
2928397,0,0,0,0,0,1
2489501,0,0,0,0,0,1
2928400,0,0,0,0,0,1
2928398,0,0,0,0,0,1
2928395,0,0,0,0,0,1
2928396,0,0,0,0,0,1
2928394,0,0,0,0,0,1
2928399,0,0,0,0,0,1
2717891,0,0,0,0,0,1
2928402,0,0,0,0,0,1
2926920,0,1,0,0,0,0
2922909,0,1,0,0,0,0
2922908,0,1,0,0,0,0
2919602,1,0,0,0,0,0
2917163,0,1,0,0,0,0
692069,0,1,0,0,0,0
3052342,1,0,0,0,0,0
2605648,0,0,0,0,0,1
2913659,0,1,0,0,0,0
2853431,0,1,0,0,0,0
2809433,0,0,0,0,0,1
1955170,0,0,0,0,1,0
2809355,0,0,0,0,0,1
2884278,1,0,0,0,0,0
2876998,0,0,0,0,1,0
2896467,0,1,0,0,0,0
2886397,0,1,0,0,0,0
2886398,0,1,0,0,0,0
2886399,0,1,0,0,0,0
2886400,0,1,0,0,0,0
2886401,0,1,0,0,0,0
2886402,0,1,0,0,0,0
2886403,0,1,0,0,0,0
2886404,0,1,0,0,0,0
2886405,0,1,0,0,0,0
2886406,0,1,0,0,0,0
2886407,0,0,0,0,1,0
2886408,0,0,0,0,1,0
2886409,0,0,0,0,1,0
2886410,0,0,0,0,1,0
2886411,0,0,0,0,1,0
2886412,0,0,0,0,1,0
2886413,0,0,0,0,1,0
2886414,0,0,0,0,1,0
2886415,0,0,0,0,1,0
2886416,0,0,0,0,1,0
2886417,0,0,0,0,1,0
2886418,0,0,0,0,0,1
2886419,0,0,0,0,0,1
2886420,0,0,0,0,0,1
2886421,0,0,0,0,0,1
2886422,0,0,0,0,0,1
2886423,0,0,0,0,0,1
2886424,0,0,0,0,0,1
2886425,0,0,0,0,0,1
2886430,0,0,0,0,1,0
2886426,0,0,0,0,0,1
2886427,0,0,0,0,0,1
2886428,0,0,0,0,0,1
2886429,0,0,0,0,0,1
3048314,1,0,0,0,0,0
2880959,0,0,0,0,0,1
2880957,0,1,0,0,0,0
2880956,0,1,0,0,0,0
2880955,0,1,0,0,0,0
2880958,0,1,0,0,0,0
2880954,0,1,0,0,0,0
2875666,0,0,0,0,0,1
2875667,0,0,0,0,0,1
2875668,0,0,0,0,0,1
2875663,0,0,0,0,0,1
2875664,0,0,0,0,0,1
2875665,0,0,0,0,0,1
2878719,0,0,0,0,1,0
2878718,0,0,0,0,1,0
2878720,0,0,0,0,1,0
2824657,1,0,0,0,0,0
2824655,1,0,0,0,0,0
2824656,1,0,0,0,0,0
1907787,1,0,0,0,0,0
2875658,0,0,0,0,0,1
2875659,0,0,0,0,0,1
2875660,0,0,0,0,0,1
2875661,0,0,0,0,0,1
2875662,0,0,0,0,0,1
2875669,0,0,0,0,0,1
2875670,0,0,0,0,0,1
2875671,0,0,0,0,0,1
2875673,0,0,0,0,0,1
2875675,0,0,0,0,0,1
2875677,0,0,0,0,0,1
2875678,0,0,0,0,0,1
2875679,0,0,0,0,0,1
2875681,0,0,0,0,0,1
2875672,0,0,0,0,0,1
2875674,0,0,0,0,0,1
2875676,0,0,0,0,0,1
2875680,0,0,0,0,0,1
2875682,0,0,0,0,0,1
2875683,0,0,0,0,0,1
2875684,0,0,0,0,0,1
1955166,0,1,0,0,0,0
2809007,0,0,0,0,1,0
1955172,0,0,0,0,1,0
2585267,0,0,0,0,0,1
1955165,0,0,0,0,0,1
2809836,0,1,0,0,0,0
2836004,0,0,0,0,1,0
2836149,0,0,0,0,0,1
2836148,0,0,0,0,0,1
2817032,0,1,0,0,0,0
2820437,0,1,0,0,0,0
1965089,1,0,0,0,0,0
2862952,0,0,0,0,1,0
2857096,1,0,0,0,0,0
2860474,1,0,0,0,0,0
2809172,0,1,0,0,0,0
2809180,0,1,0,0,0,0
2776968,1,0,0,0,0,0
2776967,0,0,0,0,1,0
2776963,0,1,0,0,0,0
2776964,0,1,0,0,0,0
2776959,1,0,0,0,0,0
2776960,0,0,0,0,1,0
2776965,0,1,0,0,0,0
2776961,0,0,0,0,1,0
2776962,0,0,0,0,1,0
2734510,1,0,0,0,0,0
2776924,0,1,0,0,0,0
2776966,0,1,0,0,0,0
2776920,1,0,0,0,0,0
2832643,0,0,0,0,0,1
2493083,1,0,0,0,0,0
675389,1,0,0,0,0,0
2794525,0,1,0,0,0,0
2794536,0,1,0,0,0,0
2794533,0,1,0,0,0,0
2794470,0,1,0,0,0,0
2794477,0,1,0,0,0,0
2794472,0,1,0,0,0,0
2794473,0,1,0,0,0,0
2794475,0,1,0,0,0,0
2794476,0,1,0,0,0,0
2794480,0,1,0,0,0,0
2794483,0,1,0,0,0,0
2794513,0,1,0,0,0,0
2794516,0,1,0,0,0,0
2794531,0,1,0,0,0,0
2794534,0,1,0,0,0,0
2794539,0,1,0,0,0,0
2794540,0,1,0,0,0,0
2794481,0,1,0,0,0,0
2794482,0,1,0,0,0,0
2814951,0,0,0,0,1,0
2814960,0,0,0,0,1,0
2830620,1,0,0,0,0,0
2830621,1,0,0,0,0,0
2821802,0,1,0,0,0,0
2794528,0,1,0,0,0,0
2794523,0,1,0,0,0,0
2794512,0,1,0,0,0,0
2794550,0,1,0,0,0,0
2794549,0,1,0,0,0,0
2794510,0,1,0,0,0,0
2794527,0,1,0,0,0,0
2794518,0,1,0,0,0,0
2794548,0,1,0,0,0,0
2794511,0,1,0,0,0,0
2794526,0,1,0,0,0,0
2794529,0,1,0,0,0,0
2794551,0,1,0,0,0,0
2815032,0,0,0,0,0,1
2815033,0,0,0,0,0,1
2815044,0,0,0,0,0,1
2815058,0,0,0,0,0,1
2815021,0,0,0,0,0,1
2815031,0,0,0,0,0,1
2815036,0,0,0,0,0,1
2814940,0,0,0,0,1,0
2814941,0,0,0,0,1,0
2814994,0,0,0,0,1,0
2794530,0,1,0,0,0,0
2794524,0,1,0,0,0,0
2794506,0,1,0,0,0,0
2794478,0,1,0,0,0,0
2794464,0,1,0,0,0,0
2794484,0,1,0,0,0,0
2794471,0,1,0,0,0,0
2794485,0,1,0,0,0,0
2794519,0,1,0,0,0,0
2794563,0,1,0,0,0,0
2794535,0,1,0,0,0,0
2794556,0,1,0,0,0,0
2794507,0,1,0,0,0,0
2794474,0,1,0,0,0,0
2794488,0,1,0,0,0,0
2794487,0,1,0,0,0,0
2794522,0,1,0,0,0,0
2794493,0,1,0,0,0,0
2794553,0,1,0,0,0,0
2794491,0,1,0,0,0,0
2794490,0,1,0,0,0,0
2794489,0,1,0,0,0,0
2794509,0,1,0,0,0,0
2794555,0,1,0,0,0,0
2794492,0,1,0,0,0,0
2794538,0,1,0,0,0,0
2794521,0,1,0,0,0,0
2794517,0,1,0,0,0,0
2794554,0,1,0,0,0,0
2794494,0,1,0,0,0,0
2794532,0,1,0,0,0,0
2794537,0,1,0,0,0,0
2794520,0,1,0,0,0,0
2794508,0,1,0,0,0,0
2794467,0,1,0,0,0,0
2794463,0,1,0,0,0,0
2794466,0,1,0,0,0,0
2794469,0,1,0,0,0,0
2794505,0,1,0,0,0,0
2794515,0,1,0,0,0,0
2794564,0,1,0,0,0,0
2794569,0,1,0,0,0,0
2794465,0,1,0,0,0,0
2794468,0,1,0,0,0,0
2794504,0,1,0,0,0,0
2794566,0,1,0,0,0,0
2794486,0,1,0,0,0,0
2794479,0,1,0,0,0,0
2814997,0,1,0,0,0,0
2815000,0,1,0,0,0,0
2815004,0,1,0,0,0,0
2815002,0,1,0,0,0,0
2815022,0,0,0,0,0,1
2815024,0,0,0,0,0,1
2815026,0,0,0,0,0,1
2815027,0,0,0,0,0,1
2815029,0,0,0,0,0,1
2815035,0,0,0,0,0,1
2815045,0,0,0,0,0,1
2815039,0,0,0,0,0,1
2815043,0,0,0,0,0,1
2815047,0,0,0,0,0,1
2815049,0,0,0,0,0,1
2815050,0,0,0,0,0,1
2815051,0,0,0,0,0,1
2815053,0,0,0,0,0,1
2815055,0,0,0,0,0,1
2815057,0,0,0,0,0,1
2815059,0,0,0,0,0,1
2815060,0,0,0,0,0,1
2815061,0,0,0,0,0,1
2815062,0,0,0,0,0,1
2815018,0,0,0,0,0,1
2815023,0,0,0,0,0,1
2815020,0,0,0,0,0,1
2815025,0,0,0,0,0,1
2815028,0,0,0,0,0,1
2815030,0,0,0,0,0,1
2815034,0,0,0,0,0,1
2815037,0,0,0,0,0,1
2815040,0,0,0,0,0,1
2815041,0,0,0,0,0,1
2815046,0,0,0,0,0,1
2815048,0,0,0,0,0,1
2815052,0,0,0,0,0,1
2815054,0,0,0,0,0,1
2815056,0,0,0,0,0,1
2815063,0,0,0,0,0,1
2814949,0,0,0,0,1,0
2814950,0,0,0,0,1,0
2814991,0,0,0,0,1,0
2818228,1,0,0,0,0,0
1306817,0,1,0,0,0,0
2169685,0,1,0,0,0,0
12110,0,1,0,0,0,0
2814911,1,0,0,0,0,0
2814912,1,0,0,0,0,0
2814913,1,0,0,0,0,0
2814914,1,0,0,0,0,0
3052465,1,0,0,0,0,0
2811215,1,1,0,0,0,0
2811223,1,1,0,0,0,0
2810801,0,1,0,0,0,0
2803188,0,1,0,0,0,0
2803189,0,0,0,0,0,1
3052371,1,0,0,0,0,0
2798287,0,1,0,0,0,0
2798291,0,1,0,0,0,0
2798288,0,1,0,0,0,0
2798286,0,0,0,0,1,0
2798289,0,0,0,0,1,0
2798290,0,0,0,0,1,0
2785213,0,1,0,0,0,0
2794340,1,0,0,0,0,0
11023,1,0,0,0,0,0
2781379,0,1,0,0,0,0
2781382,0,0,0,0,0,1
2781374,0,1,0,0,0,0
2781380,0,1,0,0,0,0
2781381,0,1,0,0,0,0
2781378,0,0,0,0,1,0
2781375,0,0,0,0,1,0
2781376,0,0,0,0,1,0
2779174,0,1,0,0,0,0
2777463,1,0,0,0,0,0
2777467,1,0,0,0,0,0
2777469,1,0,0,0,0,0
2766951,1,0,0,0,0,0
59301,1,0,0,0,0,0
2759496,0,1,0,0,0,0
2583050,0,1,0,0,0,0
2761208,0,0,0,0,0,1
2761209,0,0,0,0,0,1
2761173,0,0,0,0,0,1
2761174,0,0,0,0,0,1
2761171,0,0,0,0,0,1
2761172,0,0,0,0,0,1
2761187,0,0,0,0,0,1
2761185,0,0,0,0,0,1
2761188,0,0,0,0,0,1
2761175,0,0,0,0,0,1
2761176,0,0,0,0,0,1
2761177,0,0,0,0,0,1
2761178,0,0,0,0,0,1
2761179,0,0,0,0,0,1
2761180,0,0,0,0,0,1
2761181,0,0,0,0,0,1
2761186,0,0,0,0,0,1
2761182,0,0,0,0,0,1
2761183,0,0,0,0,0,1
2761184,0,0,0,0,0,1
2761196,0,0,0,0,0,1
2761189,0,0,0,0,0,1
2761190,0,0,0,0,0,1
2761191,0,0,0,0,0,1
2761192,0,0,0,0,0,1
2761193,0,0,0,0,0,1
2761194,0,0,0,0,0,1
2761195,0,0,0,0,0,1
2761197,0,0,0,0,0,1
2761198,0,0,0,0,0,1
2761199,0,0,0,0,0,1
2761200,0,0,0,0,0,1
2761201,0,0,0,0,0,1
2761202,0,0,0,0,0,1
2761203,0,0,0,0,0,1
2761204,0,0,0,0,0,1
2761205,0,0,0,0,0,1
2761206,0,0,0,0,0,1
2761207,0,0,0,0,0,1
2759417,0,1,0,0,0,0
2759407,0,1,0,0,0,0
2759406,0,1,0,0,0,0
2759420,0,1,0,0,0,0
2759403,0,1,0,0,0,0
2759404,0,1,0,0,0,0
2759405,0,1,0,0,0,0
2759402,0,1,0,0,0,0
2759604,0,1,0,0,0,0
2759408,0,1,0,0,0,0
2759411,0,1,0,0,0,0
2759413,0,1,0,0,0,0
2759416,0,1,0,0,0,0
2759415,0,1,0,0,0,0
2759412,0,1,0,0,0,0
2759419,0,1,0,0,0,0
2592492,0,1,0,0,0,0
2759414,0,1,0,0,0,0
2558248,0,1,0,0,0,0
2681591,1,0,0,0,0,0
2590836,1,0,0,0,0,0
2744857,0,1,0,0,0,0
2728828,0,1,0,0,0,0
2735304,0,1,0,0,0,0
2735305,0,1,0,0,0,0
2737672,0,1,0,0,0,0
2737701,1,0,0,0,0,0
2737667,0,0,0,0,1,0
2737666,0,0,0,0,1,0
240876,0,0,0,0,0,1
2734904,0,1,0,0,0,0
2734905,0,1,0,0,0,0
1954248,0,1,0,0,0,0
2715178,0,0,0,0,1,0
2715103,0,0,0,0,0,1
1341019,0,1,0,0,0,0
2448649,0,1,0,0,0,0
3052686,1,0,0,0,0,0
2707191,1,0,0,0,0,0
2707265,0,0,0,0,0,1
2707192,0,0,0,0,0,1
2707281,0,0,0,0,0,1
2707247,0,0,0,0,0,1
2707261,0,0,0,0,0,1
2707258,0,0,0,0,0,1
2707267,0,0,0,0,0,1
2707241,0,0,0,0,0,1
2707282,0,0,0,0,0,1
2707225,0,0,0,0,0,1
2707260,0,0,0,0,0,1
2707222,0,0,0,0,0,1
2707276,0,0,0,0,0,1
2707213,0,0,0,0,0,1
2707244,0,0,0,0,0,1
2707269,0,0,0,0,0,1
2707259,0,0,0,0,0,1
2707217,0,0,0,0,0,1
2707245,0,0,0,0,0,1
2707268,0,0,0,0,0,1
2707223,0,0,0,0,0,1
2707279,0,0,0,0,0,1
2707226,0,0,0,0,0,1
2707255,0,0,0,0,0,1
2707270,0,0,0,0,0,1
2707251,0,0,0,0,0,1
2707239,0,0,0,0,0,1
2707215,0,0,0,0,0,1
2707274,0,0,0,0,0,1
2707236,0,0,0,0,0,1
2707212,0,0,0,0,0,1
2707273,0,0,0,0,0,1
2707271,0,0,0,0,0,1
2707264,0,0,0,0,0,1
2707229,0,0,0,0,0,1
2707262,0,0,0,0,0,1
2707220,0,0,0,0,0,1
2707201,0,0,0,0,0,1
2707195,0,0,0,0,0,1
2707254,0,0,0,0,0,1
2707277,0,0,0,0,0,1
2707286,0,0,0,0,0,1
2707238,0,0,0,0,0,1
2707206,0,0,0,0,0,1
2707250,0,0,0,0,0,1
2707266,0,0,0,0,0,1
2707193,0,0,0,0,0,1
2707230,0,0,0,0,0,1
2707234,0,0,0,0,0,1
2707231,0,0,0,0,0,1
2707194,0,0,0,0,0,1
2707228,0,0,0,0,0,1
2707196,0,0,0,0,0,1
2707227,0,0,0,0,0,1
2707242,0,0,0,0,0,1
2707209,0,0,0,0,0,1
2707208,0,0,0,0,0,1
2707275,0,0,0,0,0,1
2707246,0,0,0,0,0,1
2707240,0,0,0,0,0,1
2707224,0,0,0,0,0,1
2707204,0,0,0,0,0,1
2707198,0,0,0,0,0,1
2707290,0,0,0,0,0,1
2707289,0,0,0,0,0,1
2707283,0,0,0,0,0,1
2707287,0,0,0,0,0,1
2707278,0,0,0,0,0,1
2707272,0,0,0,0,0,1
2707207,0,0,0,0,0,1
2707210,0,0,0,0,0,1
2707200,0,0,0,0,0,1
2707197,0,0,0,0,0,1
2707263,0,0,0,0,0,1
2707256,0,0,0,0,0,1
2707205,0,0,0,0,0,1
2707249,0,0,0,0,0,1
2707214,0,0,0,0,0,1
2707233,0,0,0,0,0,1
2707199,0,0,0,0,0,1
2707285,0,0,0,0,0,1
2707232,0,0,0,0,0,1
2707203,0,0,0,0,0,1
2707219,0,0,0,0,0,1
2707216,0,0,0,0,0,1
2707253,0,0,0,0,0,1
2707235,0,0,0,0,0,1
2707284,0,0,0,0,0,1
2707288,0,0,0,0,0,1
2707211,0,0,0,0,0,1
2707248,0,0,0,0,0,1
2720902,0,0,0,0,0,1
2720903,0,0,0,0,0,1
2720900,0,0,0,0,0,1
2720901,0,0,0,0,0,1
2720905,0,0,0,0,0,1
2720906,0,0,0,0,0,1
2720909,0,0,0,0,0,1
2720912,0,0,0,0,0,1
2720910,0,0,0,0,0,1
2720904,0,0,0,0,0,1
2720908,0,0,0,0,0,1
2720911,0,0,0,0,0,1
2720913,0,0,0,0,0,1
2720954,0,1,0,0,0,0
2720955,0,1,0,0,0,0
2720956,0,1,0,0,0,0
2720938,0,0,0,0,1,0
2720939,0,0,0,0,1,0
2720940,0,0,0,0,1,0
2720943,0,0,0,0,1,0
2720944,0,0,0,0,1,0
2720947,0,0,0,0,1,0
2720948,0,0,0,0,1,0
2720950,0,0,0,0,1,0
2720953,0,0,0,0,1,0
2720937,0,0,0,0,1,0
2720957,0,0,0,0,1,0
2720963,0,0,0,0,1,0
2720964,0,0,0,0,1,0
2720965,0,0,0,0,1,0
2720967,0,0,0,0,1,0
2717890,0,0,0,0,0,1
2717889,0,0,0,0,0,1
2233537,0,1,0,0,0,0
608831,0,1,0,0,0,0
2582417,0,1,0,0,0,0
2582418,0,1,0,0,0,0
2712699,0,1,0,0,0,0
2711208,0,0,0,0,0,1
3048184,1,0,0,0,0,0
3050271,1,0,0,0,0,0
2510842,0,1,0,0,0,0
2846013,0,1,0,0,0,0
1962258,0,1,0,0,0,0
2691032,0,1,0,0,0,0
2691031,0,1,0,0,0,0
2682574,0,1,0,0,0,0
2681776,0,1,0,0,0,0
2670734,0,1,0,0,0,0
1146873,0,1,0,0,0,0
2651593,1,0,0,0,0,0
2651592,1,0,0,0,0,0
2654971,1,0,0,0,0,0
2609083,0,1,0,0,0,0
2609082,0,1,0,0,0,0
1391178,0,1,0,0,0,0
2604331,0,1,0,0,0,0
2604332,0,1,0,0,0,0
2604333,0,1,0,0,0,0
3059863,0,1,0,0,0,0
3059966,0,1,0,0,0,0
11983,0,1,0,0,0,0
2605442,0,1,0,0,0,0
2605443,1,0,0,0,0,0
2605444,1,0,0,0,0,0
2602416,0,1,0,0,0,0
2592512,0,0,0,0,1,0
2592516,0,1,0,0,0,0
2592520,0,1,0,0,0,0
2724194,1,0,0,0,0,0
2592521,0,1,0,0,0,0
2592494,0,1,0,0,0,0
2592487,0,1,0,0,0,0
2592488,0,1,0,0,0,0
2592489,1,0,0,0,0,0
2592491,1,0,0,0,0,0
2592490,1,0,0,0,0,0
2592486,0,1,0,0,0,0
10407,1,0,0,0,0,0
2592511,0,0,0,0,1,0
2592510,0,1,0,0,0,0
2592509,0,1,0,0,0,0
2592493,0,1,0,0,0,0
2592517,1,0,0,0,0,0
2592518,0,1,0,0,0,0
2571168,0,1,0,0,0,0
2571169,0,1,0,0,0,0
2565395,0,0,0,0,0,1
2565399,0,0,0,0,0,1
2565391,0,1,0,0,0,0
2565393,0,0,0,0,1,0
2565394,0,1,0,0,0,0
2576440,1,0,0,0,0,0
2576226,0,0,0,0,1,0
2576227,0,0,0,0,1,0
2576228,0,0,0,0,1,0
2576229,0,0,0,0,1,0
2565896,0,0,0,0,1,0
2562557,0,0,0,0,1,0
2562546,0,0,0,0,1,0
2562547,0,0,0,0,1,0
2562551,0,0,0,0,1,0
2562548,0,0,0,0,1,0
2562549,0,0,0,0,1,0
2562550,0,0,0,0,1,0
2562552,0,0,0,0,1,0
2562553,0,0,0,0,1,0
2562554,0,0,0,0,1,0
2562555,0,0,0,0,1,0
2562556,0,0,0,0,1,0
2518641,0,1,0,0,0,0
2495901,0,1,0,0,0,0
2282480,0,0,0,0,1,0
2489502,0,0,0,0,0,1
2212748,0,1,0,0,0,0
2212749,0,1,0,0,0,0
2212751,0,1,0,0,0,0
2212755,0,1,0,0,0,0
2212790,1,0,0,0,0,0
2212758,0,1,0,0,0,0
2212761,1,0,0,0,0,0
2212768,0,1,0,0,0,0
2212769,0,1,0,0,0,0
2212774,1,0,0,0,0,0
2212776,0,1,0,0,0,0
2212779,1,0,0,0,0,0
2212780,1,0,0,0,0,0
2212781,1,0,0,0,0,0
2212784,1,0,0,0,0,0
197771,0,0,0,0,1,0
2844056,1,0,0,0,0,0
2320697,0,1,0,0,0,0
1972612,1,0,0,0,0,0
2304618,1,0,0,0,0,0
2304054,0,1,0,0,0,0
2249315,1,0,0,0,0,0
2109366,0,1,0,0,0,0
1330520,0,1,0,0,0,0
11036,1,0,0,0,0,0
291484,0,0,0,0,1,0
1941434,0,1,0,0,0,0
2219863,1,0,0,0,0,0
2218660,0,1,0,0,0,0
2560765,0,0,0,0,1,0
2010275,0,0,0,0,0,1
2217650,0,0,0,0,0,1
2956041,0,0,0,0,0,1
2219104,0,0,0,0,1,0
2184269,0,1,0,0,0,0
2078576,1,0,0,0,0,0
2078577,1,0,0,0,0,0
2078583,1,0,0,0,0,0
2078581,1,0,0,0,0,0
2171489,1,0,0,0,0,0
2162686,0,1,0,0,0,0
1534550,0,1,0,0,0,0
2108520,0,1,0,0,0,0
2115844,1,0,0,0,0,0
2115842,1,0,0,0,0,0
2115843,1,0,0,0,0,0
2094724,0,1,0,0,0,0
2094725,0,1,0,0,0,0
3052393,1,0,0,0,0,0
2086357,0,1,0,0,0,0
2086349,1,0,0,0,0,0
2080834,0,1,0,0,0,0
2734526,0,1,0,0,0,0
3059865,0,1,0,0,0,0
3059866,0,1,0,0,0,0
3059867,0,1,0,0,0,0
3059868,0,1,0,0,0,0
1934038,1,0,0,0,0,0
1934040,1,0,0,0,0,0
10535,0,1,0,0,0,0
2109652,0,1,0,0,0,0
2734546,0,1,0,0,0,0
1964371,0,1,0,0,0,0
2019388,0,1,0,0,0,0
2019389,0,1,0,0,0,0
3052274,0,1,0,0,0,0
1839669,0,1,0,0,0,0
11039,1,0,0,0,0,0
1239437,0,0,0,0,1,0
3052510,1,0,0,0,0,0
1566005,0,1,0,0,0,0
878330,0,1,0,0,0,0
3048287,1,0,0,0,0,0
1930308,0,0,0,0,1,0
1924072,0,1,0,0,0,0
1923352,0,0,0,0,0,1
1923347,0,0,0,0,0,1
1923349,0,0,0,0,0,1
1923348,0,0,0,0,0,1
1923346,0,0,0,0,0,1
2955389,0,0,0,0,1,0
1884826,0,1,0,0,0,0
1891777,0,1,0,0,0,0
1891778,0,1,0,0,0,0
1891779,0,1,0,0,0,0
1891780,0,1,0,0,0,0
1803957,0,1,0,0,0,0
130309,0,1,0,0,0,0
1615847,0,0,0,0,0,1
1871151,0,1,0,0,0,0
1871152,0,1,0,0,0,0
1871150,0,1,0,0,0,0
1871149,0,1,0,0,0,0
1867231,0,0,0,0,1,0
1856564,0,1,0,0,0,0
2844444,0,0,0,0,1,0
1656227,0,1,0,0,0,0
1770252,1,0,0,0,0,0
1819751,0,1,0,0,0,0
1819752,0,1,0,0,0,0
2734439,1,0,0,0,0,0
1692171,0,1,0,0,0,0
1006326,0,1,0,0,0,0
1608258,0,1,0,0,0,0
1649335,1,0,0,0,0,0
1770233,0,0,0,0,0,1
2734519,0,1,0,0,0,0
1766560,0,1,0,0,0,0
1766563,0,1,0,0,0,0
1766566,0,1,0,0,0,0
1766564,0,1,0,0,0,0
1766567,0,1,0,0,0,0
1766561,0,1,0,0,0,0
1766562,0,1,0,0,0,0
1756707,0,1,0,0,0,0
1752874,0,0,0,0,1,0
1740857,0,1,0,0,0,0
1652541,0,1,0,0,0,0
1711931,0,1,0,0,0,0
1711932,0,1,0,0,0,0
1539747,1,0,0,0,0,0
2734509,1,0,0,0,0,0
694003,1,0,0,0,0,0
1697925,1,0,0,0,0,0
1697926,1,0,0,0,0,0
1566334,1,0,0,0,0,0
1566335,0,0,0,0,1,0
1566336,0,1,0,0,0,0
1566337,0,1,0,0,0,0
1671381,0,0,0,0,1,0
1643444,1,0,0,0,0,0
11292,1,0,0,0,0,0
1638619,1,0,0,0,0,0
3048154,1,0,0,0,0,0
2734342,0,0,0,0,1,0
1586002,0,0,0,0,1,0
1569592,0,1,0,0,0,0
39566,0,0,0,0,0,1
72149,0,1,0,0,0,0
1333866,0,1,0,0,0,0
1511774,0,1,0,0,0,0
1434087,0,1,0,0,0,0
1434089,0,1,0,0,0,0
1434090,0,1,0,0,0,0
1434091,0,1,0,0,0,0
1434092,0,1,0,0,0,0
1434093,0,1,0,0,0,0
1434094,0,1,0,0,0,0
1497566,1,0,0,0,0,0
1496299,0,1,0,0,0,0
1496300,0,1,0,0,0,0
1496301,0,1,0,0,0,0
1494923,1,0,0,0,0,0
1344564,0,0,0,0,1,0
1344565,1,0,0,0,0,0
1484571,0,0,0,0,1,0
1465725,0,1,0,0,0,0
1446361,1,0,0,0,0,0
11955,1,0,0,0,0,0
1382266,1,0,0,0,0,0
3051982,0,1,0,0,0,0
1400257,1,0,0,0,0,0
1353791,1,0,0,0,0,0
1353792,1,0,0,0,0,0
2844422,0,0,0,0,1,0
1593423,0,0,0,0,1,0
1367520,0,1,0,0,0,0
1367521,0,1,0,0,0,0
1367523,0,1,0,0,0,0
1367517,0,1,0,0,0,0
1367522,0,1,0,0,0,0
1367525,0,1,0,0,0,0
1367526,0,1,0,0,0,0
1367527,0,1,0,0,0,0
1367518,0,1,0,0,0,0
1367524,0,1,0,0,0,0
1367519,0,1,0,0,0,0
1367515,0,1,0,0,0,0
1367516,0,1,0,0,0,0
3047966,0,1,0,0,0,0
1337067,0,1,0,0,0,0
1176481,0,0,0,0,1,0
1291378,0,1,0,0,0,0
1294115,0,1,0,0,0,0
1294100,0,1,0,0,0,0
1294108,0,1,0,0,0,0
462818,0,1,0,0,0,0
1294095,0,1,0,0,0,0
1294099,0,1,0,0,0,0
1294112,0,1,0,0,0,0
1294113,0,1,0,0,0,0
1294090,0,1,0,0,0,0
1294089,0,1,0,0,0,0
1294117,0,1,0,0,0,0
1294104,0,1,0,0,0,0
1294091,0,1,0,0,0,0
1294119,0,1,0,0,0,0
1294114,0,1,0,0,0,0
1294109,0,1,0,0,0,0
1294101,0,1,0,0,0,0
1294094,0,1,0,0,0,0
1294097,0,1,0,0,0,0
1294105,0,1,0,0,0,0
1294116,0,1,0,0,0,0
1294110,0,1,0,0,0,0
1294118,0,1,0,0,0,0
1294103,0,1,0,0,0,0
1294096,0,1,0,0,0,0
1294120,0,1,0,0,0,0
1294102,0,1,0,0,0,0
1294111,0,1,0,0,0,0
1294093,0,1,0,0,0,0
1294106,0,1,0,0,0,0
1294107,0,1,0,0,0,0
1281442,0,1,0,0,0,0
1281441,0,1,0,0,0,0
1272938,1,0,0,0,0,0
1272944,1,0,0,0,0,0
1272950,1,0,0,0,0,0
2956484,1,0,0,0,0,0
1267906,0,1,0,0,0,0
1237714,0,1,0,0,0,0
1151044,1,0,0,0,0,0
1259810,0,1,0,0,0,0
1216504,0,1,0,0,0,0
1234869,0,1,0,0,0,0
1208385,1,0,0,0,0,0
393049,0,1,0,0,0,0
1176578,0,1,0,0,0,0
1170688,0,1,0,0,0,0
1166568,0,0,0,0,1,0
1049185,1,0,0,0,0,0
1105348,0,0,0,0,1,0
1133595,0,1,0,0,0,0
990662,0,1,0,0,0,0
990664,0,1,0,0,0,0
990665,0,1,0,0,0,0
990666,0,1,0,0,0,0
990668,0,1,0,0,0,0
990669,0,1,0,0,0,0
990670,0,1,0,0,0,0
990663,0,1,0,0,0,0
990667,0,1,0,0,0,0
886981,0,1,0,0,0,0
886982,0,1,0,0,0,0
886983,0,1,0,0,0,0
886984,0,1,0,0,0,0
886985,0,1,0,0,0,0
1095754,1,0,0,0,0,0
1098913,1,0,0,0,0,0
1093105,1,0,0,0,0,0
1090532,0,1,0,0,0,0
1082545,1,0,0,0,0,0
1086585,1,0,0,0,0,0
1085621,1,0,0,0,0,0
1081802,0,1,0,0,0,0
1081803,0,1,0,0,0,0
1081804,0,1,0,0,0,0
1081805,0,1,0,0,0,0
1081806,0,1,0,0,0,0
1081807,0,1,0,0,0,0
1070859,1,0,0,0,0,0
1048870,0,1,0,0,0,0
1048871,0,1,0,0,0,0
1004021,0,1,0,0,0,0
1004022,0,1,0,0,0,0
1047191,0,1,0,0,0,0
1047192,0,1,0,0,0,0
1047193,0,1,0,0,0,0
1047194,0,1,0,0,0,0
1047195,0,1,0,0,0,0
1047199,0,1,0,0,0,0
1047201,0,1,0,0,0,0
1047198,0,1,0,0,0,0
1047200,0,1,0,0,0,0
1047203,0,1,0,0,0,0
1047202,0,1,0,0,0,0
1047197,0,1,0,0,0,0
1047205,0,1,0,0,0,0
1047190,0,1,0,0,0,0
1047204,0,1,0,0,0,0
1047196,0,1,0,0,0,0
928290,0,1,0,0,0,0
995017,0,1,0,0,0,0
576892,1,0,0,0,0,0
41996,1,0,0,0,0,0
856735,0,1,0,0,0,0
1006327,0,1,0,0,0,0
1004778,0,1,0,0,0,0
1001627,0,1,0,0,0,0
1001628,0,1,0,0,0,0
795166,0,1,0,0,0,0
795157,0,1,0,0,0,0
795158,0,1,0,0,0,0
795159,0,1,0,0,0,0
795160,0,1,0,0,0,0
795161,0,1,0,0,0,0
795162,0,1,0,0,0,0
795163,0,1,0,0,0,0
795167,0,1,0,0,0,0
795164,0,1,0,0,0,0
795165,0,1,0,0,0,0
795168,0,1,0,0,0,0
881308,0,1,0,0,0,0
881305,0,1,0,0,0,0
881306,0,1,0,0,0,0
881307,0,1,0,0,0,0
881311,0,1,0,0,0,0
881312,0,1,0,0,0,0
881302,0,1,0,0,0,0
881303,0,1,0,0,0,0
881304,0,1,0,0,0,0
881309,0,1,0,0,0,0
881310,0,1,0,0,0,0
881301,0,1,0,0,0,0
986718,0,1,0,0,0,0
986719,0,1,0,0,0,0
986720,0,1,0,0,0,0
986722,0,1,0,0,0,0
986723,0,1,0,0,0,0
986724,0,1,0,0,0,0
986725,0,1,0,0,0,0
986726,0,1,0,0,0,0
986727,0,1,0,0,0,0
986728,0,1,0,0,0,0
986729,0,1,0,0,0,0
984282,0,1,0,0,0,0
984281,0,1,0,0,0,0
984280,0,1,0,0,0,0
984279,0,1,0,0,0,0
984277,0,1,0,0,0,0
984276,0,1,0,0,0,0
984275,0,1,0,0,0,0
984274,0,1,0,0,0,0
984278,0,1,0,0,0,0
944993,0,1,0,0,0,0
936150,0,0,0,0,0,1
704179,0,1,0,0,0,0
690691,1,0,0,0,0,0
911322,0,1,0,0,0,0
911323,0,1,0,0,0,0
911324,0,1,0,0,0,0
911325,0,1,0,0,0,0
3052468,1,0,0,0,0,0
880350,0,1,0,0,0,0
762506,0,1,0,0,0,0
762507,0,1,0,0,0,0
762508,0,1,0,0,0,0
762509,0,1,0,0,0,0
762510,0,1,0,0,0,0
762511,0,1,0,0,0,0
48544,1,0,0,0,0,0
742974,0,1,0,0,0,0
742975,0,1,0,0,0,0
742976,0,1,0,0,0,0
742977,0,1,0,0,0,0
742978,0,1,0,0,0,0
742979,0,1,0,0,0,0
742980,0,1,0,0,0,0
742981,0,1,0,0,0,0
742982,0,1,0,0,0,0
742983,0,1,0,0,0,0
742984,0,1,0,0,0,0
742985,0,1,0,0,0,0
742986,0,1,0,0,0,0
742987,0,1,0,0,0,0
742988,0,1,0,0,0,0
742989,0,1,0,0,0,0
742990,0,1,0,0,0,0
742991,0,1,0,0,0,0
742992,0,1,0,0,0,0
742993,0,1,0,0,0,0
742994,0,1,0,0,0,0
742995,0,1,0,0,0,0
742996,0,1,0,0,0,0
742997,0,1,0,0,0,0
742998,0,1,0,0,0,0
742999,0,1,0,0,0,0
743000,0,1,0,0,0,0
743001,0,1,0,0,0,0
743002,0,1,0,0,0,0
743003,0,1,0,0,0,0
746113,0,1,0,0,0,0
746112,0,1,0,0,0,0
692273,0,1,0,0,0,0
692274,0,1,0,0,0,0
703584,0,1,0,0,0,0
690285,1,0,0,0,0,0
11029,1,0,0,0,0,0
664644,1,0,0,0,0,0
664646,1,0,0,0,0,0
664658,1,0,0,0,0,0
656810,0,1,0,0,0,0
656811,0,1,0,0,0,0
656812,0,1,0,0,0,0
656813,0,1,0,0,0,0
656814,0,1,0,0,0,0
656815,0,1,0,0,0,0
661056,1,0,0,0,0,0
661057,1,0,0,0,0,0
661058,1,0,0,0,0,0
661059,1,0,0,0,0,0
661060,1,0,0,0,0,0
661085,1,0,0,0,0,0
661065,1,0,0,0,0,0
661066,1,0,0,0,0,0
661069,1,0,0,0,0,0
661070,1,0,0,0,0,0
661071,1,0,0,0,0,0
661072,1,0,0,0,0,0
661073,1,0,0,0,0,0
661074,1,0,0,0,0,0
661075,1,0,0,0,0,0
661076,1,0,0,0,0,0
661079,1,0,0,0,0,0
661080,1,0,0,0,0,0
661081,1,0,0,0,0,0
661082,1,0,0,0,0,0
661083,1,0,0,0,0,0
661084,1,0,0,0,0,0
661052,1,0,0,0,0,0
661053,1,0,0,0,0,0
661054,1,0,0,0,0,0
661055,1,0,0,0,0,0
661061,1,0,0,0,0,0
661062,1,0,0,0,0,0
661063,1,0,0,0,0,0
661064,1,0,0,0,0,0
661067,1,0,0,0,0,0
661068,1,0,0,0,0,0
661077,1,0,0,0,0,0
661078,1,0,0,0,0,0
569164,0,1,0,0,0,0
640327,0,0,0,0,1,0
464094,0,1,0,0,0,0
643397,1,0,0,0,0,0
643398,1,0,0,0,0,0
643399,1,0,0,0,0,0
643400,1,0,0,0,0,0
639242,1,0,0,0,0,0
639243,1,0,0,0,0,0
639244,1,0,0,0,0,0
639245,1,0,0,0,0,0
639246,1,0,0,0,0,0
639247,1,0,0,0,0,0
639248,1,0,0,0,0,0
639249,1,0,0,0,0,0
639250,1,0,0,0,0,0
639251,1,0,0,0,0,0
639252,1,0,0,0,0,0
639253,1,0,0,0,0,0
639254,1,0,0,0,0,0
639255,1,0,0,0,0,0
639256,1,0,0,0,0,0
639257,1,0,0,0,0,0
639258,1,0,0,0,0,0
639259,1,0,0,0,0,0
639260,1,0,0,0,0,0
639261,1,0,0,0,0,0
639262,1,0,0,0,0,0
639263,1,0,0,0,0,0
639264,1,0,0,0,0,0
639265,1,0,0,0,0,0
639266,1,0,0,0,0,0
639267,1,0,0,0,0,0
639268,1,0,0,0,0,0
639269,1,0,0,0,0,0
639270,1,0,0,0,0,0
639271,1,0,0,0,0,0
639272,1,0,0,0,0,0
639273,1,0,0,0,0,0
639274,1,0,0,0,0,0
639275,1,0,0,0,0,0
639276,1,0,0,0,0,0
639277,1,0,0,0,0,0
639278,1,0,0,0,0,0
639279,1,0,0,0,0,0
639280,1,0,0,0,0,0
639281,1,0,0,0,0,0
172858,0,1,0,0,0,0
569163,0,1,0,0,0,0
544801,0,0,0,0,1,0
524890,0,0,0,0,1,0
565243,0,1,0,0,0,0
565244,0,1,0,0,0,0
468376,0,1,0,0,0,0
468377,0,1,0,0,0,0
468380,0,1,0,0,0,0
468378,0,1,0,0,0,0
468379,0,1,0,0,0,0
503979,0,1,0,0,0,0
489824,0,0,0,0,1,0
381199,0,0,0,0,1,0
469620,0,1,0,0,0,0
461346,0,1,0,0,0,0
408592,0,1,0,0,0,0
365620,0,1,0,0,0,0
405092,0,1,0,0,0,0
431320,1,0,0,0,0,0
229103,1,0,0,0,0,0
365621,0,1,0,0,0,0
199702,1,0,0,0,0,0
352849,1,0,0,0,0,0
365612,0,1,0,0,0,0
416277,0,1,0,0,0,0
416278,0,1,0,0,0,0
298903,0,0,0,0,1,0
285986,1,0,0,0,0,0
365613,0,1,0,0,0,0
263954,0,1,0,0,0,0
263959,0,1,0,0,0,0
28300,1,0,0,0,0,0
228177,0,1,0,0,0,0
227305,0,1,0,0,0,0
90961,1,0,0,0,0,0
1714619,1,0,0,0,0,0
10891,0,0,0,0,0,1
11945,1,0,0,0,0,0
53454,1,0,0,0,0,0
11960,1,0,0,0,0,0
36381,1,0,0,0,0,0
12521,0,0,0,0,0,1
