GA,size,gc,genes,GA_missing,size_missing,gc_missing,genes_missing,NCBI Taxon ID
,,,,1.0,1.0,1.0,1.0,2169685
GCF_000919155.1,8976.0,43.0,1.0,0.0,0.0,0.0,0.0,2169685
,,,,1.0,1.0,1.0,1.0,2815018
,,,,1.0,1.0,1.0,1.0,2794564
,,,,1.0,1.0,1.0,1.0,2794463
GCF_004129875.1,4857.0,51.0,2.0,0.0,0.0,0.0,0.0,272636
,,,,1.0,1.0,1.0,1.0,2558248
,,,,1.0,1.0,1.0,1.0,3115873
,,,,1.0,1.0,1.0,1.0,3115938
,,,,1.0,1.0,1.0,1.0,2815021
,,,,1.0,1.0,1.0,1.0,2794464
,,,,1.0,1.0,1.0,1.0,72149
,,,,1.0,1.0,1.0,1.0,1539747
GCA_023528145.1,351909.0,30.0,,0.0,0.0,0.0,1.0,2811222
,,,,1.0,1.0,1.0,1.0,2560765
GCF_000864105.1,13590.0,44.0,12.0,0.0,0.0,0.0,0.0,2955291
,,,,1.0,1.0,1.0,1.0,2707192
GCA_031259165.1,8350.0,48.5,6.0,0.0,0.0,0.0,0.0,2855326
,,,,1.0,1.0,1.0,1.0,3112618
,,,,1.0,1.0,1.0,1.0,104388
,,,,1.0,1.0,1.0,1.0,3080522
,,,,1.0,1.0,1.0,1.0,3233541
,,,,1.0,1.0,1.0,1.0,2734519
GCF_013087335.1,8204.0,40.5,1.0,0.0,0.0,0.0,0.0,2734519
,,,,1.0,1.0,1.0,1.0,2809150
,,,,1.0,1.0,1.0,1.0,3115989
,,,,1.0,1.0,1.0,1.0,3115994
,,,,1.0,1.0,1.0,1.0,3115995
,,,,1.0,1.0,1.0,1.0,2815022
,,,,1.0,1.0,1.0,1.0,2794569
,,,,1.0,1.0,1.0,1.0,3113012
,,,,1.0,1.0,1.0,1.0,1934040
,,,,1.0,1.0,1.0,1.0,3153734
GCA_031259465.1,28466.0,38.5,,0.0,0.0,0.0,1.0,2860474
,,,,1.0,1.0,1.0,1.0,2184269
GCA_031220185.1,2322.0,53.5,,0.0,0.0,0.0,1.0,2761171
GCA_031220215.1,2322.0,53.5,,0.0,0.0,0.0,1.0,2761172
GCA_031222645.1,2323.0,53.0,,0.0,0.0,0.0,1.0,2761173
GCA_031222685.1,2323.0,53.0,,0.0,0.0,0.0,1.0,2761174
GCA_031222755.1,1944.0,48.0,,0.0,0.0,0.0,1.0,2761175
GCA_031222775.1,1944.0,48.0,,0.0,0.0,0.0,1.0,2761176
GCA_031222785.1,1944.0,48.0,,0.0,0.0,0.0,1.0,2761177
GCA_031222815.1,1944.0,48.0,,0.0,0.0,0.0,1.0,2761178
GCA_031222865.1,1944.0,48.0,,0.0,0.0,0.0,1.0,2761179
GCA_031222875.1,2713.0,50.5,,0.0,0.0,0.0,1.0,2761180
GCA_031222925.1,2712.0,50.5,,0.0,0.0,0.0,1.0,2761181
GCA_031222945.1,2712.0,50.5,,0.0,0.0,0.0,1.0,2761182
GCA_031223005.1,2713.0,50.5,,0.0,0.0,0.0,1.0,2761183
GCA_031223025.1,2712.0,50.5,,0.0,0.0,0.0,1.0,2761184
GCA_031223085.1,2705.0,49.5,,0.0,0.0,0.0,1.0,2761185
GCA_031223095.1,2709.0,50.5,,0.0,0.0,0.0,1.0,2761186
GCA_031223155.1,2720.0,50.0,,0.0,0.0,0.0,1.0,2761187
GCA_031223215.1,2689.0,50.0,,0.0,0.0,0.0,1.0,2761188
GCA_031223245.1,2728.0,50.5,,0.0,0.0,0.0,1.0,2761189
GCA_031223275.1,2728.0,50.5,,0.0,0.0,0.0,1.0,2761190
GCA_031223325.1,2728.0,50.5,,0.0,0.0,0.0,1.0,2761191
GCA_031223345.1,2727.0,50.5,,0.0,0.0,0.0,1.0,2761192
GCA_031223385.1,2728.0,50.5,,0.0,0.0,0.0,1.0,2761193
GCA_031223425.1,2729.0,50.5,,0.0,0.0,0.0,1.0,2761194
GCA_031223465.1,2729.0,50.5,,0.0,0.0,0.0,1.0,2761195
GCA_031223515.1,2721.0,51.5,,0.0,0.0,0.0,1.0,2761196
GCA_031223535.1,2721.0,51.5,,0.0,0.0,0.0,1.0,2761197
GCA_031223575.1,2721.0,51.5,,0.0,0.0,0.0,1.0,2761198
GCA_031223625.1,2721.0,51.5,,0.0,0.0,0.0,1.0,2761199
GCA_031223635.1,2721.0,51.5,,0.0,0.0,0.0,1.0,2761200
GCA_031223695.1,2719.0,49.5,,0.0,0.0,0.0,1.0,2761201
GCA_031223715.1,2719.0,49.5,,0.0,0.0,0.0,1.0,2761202
,,,,1.0,1.0,1.0,1.0,2761203
GCA_031223735.1,2719.0,49.5,,0.0,0.0,0.0,1.0,2761204
GCA_031223745.1,2719.0,49.5,,0.0,0.0,0.0,1.0,2761205
GCA_031223755.1,2719.0,49.5,,0.0,0.0,0.0,1.0,2761206
GCA_031223765.1,2719.0,49.5,,0.0,0.0,0.0,1.0,2761207
GCA_031223775.1,2329.0,49.0,,0.0,0.0,0.0,1.0,2761208
GCA_031223905.1,2329.0,49.0,,0.0,0.0,0.0,1.0,2761209
,,,,1.0,1.0,1.0,1.0,3049969
,,,,1.0,1.0,1.0,1.0,416277
,,,,1.0,1.0,1.0,1.0,416278
GCF_004129215.1,2085.0,46.0,2.0,0.0,0.0,0.0,0.0,1634476
,,,,1.0,1.0,1.0,1.0,2928392
,,,,1.0,1.0,1.0,1.0,2794484
,,,,1.0,1.0,1.0,1.0,2794555
,,,,1.0,1.0,1.0,1.0,2794466
,,,,1.0,1.0,1.0,1.0,2794467
,,,,1.0,1.0,1.0,1.0,3129244
,,,,1.0,1.0,1.0,1.0,2707193
,,,,1.0,1.0,1.0,1.0,2794465
,,,,1.0,1.0,1.0,1.0,2489501
GCA_031323405.1,8840.0,42.0,,0.0,0.0,0.0,1.0,2585114
,,,,1.0,1.0,1.0,1.0,1166568
,,,,1.0,1.0,1.0,1.0,1671381
GCF_001045265.1,7025.0,52.5,3.0,0.0,0.0,0.0,0.0,1671382
,,,,1.0,1.0,1.0,1.0,1566335
,,,,1.0,1.0,1.0,1.0,1586002
,,,,1.0,1.0,1.0,1.0,1752874
,,,,1.0,1.0,1.0,1.0,2671518
,,,,1.0,1.0,1.0,1.0,2592486
,,,,1.0,1.0,1.0,1.0,1239437
,,,,1.0,1.0,1.0,1.0,1239438
,,,,1.0,1.0,1.0,1.0,1239439
,,,,1.0,1.0,1.0,1.0,1176481
,,,,1.0,1.0,1.0,1.0,2809168
,,,,1.0,1.0,1.0,1.0,3051982
,,,,1.0,1.0,1.0,1.0,3051983
GCF_004130255.1,5515.0,54.0,4.0,0.0,0.0,0.0,0.0,3051984
GCA_031199785.1,6092.0,45.0,,0.0,0.0,0.0,1.0,2715213
,,,,1.0,1.0,1.0,1.0,2707194
,,,,1.0,1.0,1.0,1.0,1652541
,,,,1.0,1.0,1.0,1.0,3250174
GCF_023131475.1,35595.0,52.5,25.0,0.0,0.0,0.0,0.0,2955388
GCA_034408845.1,40727.0,49.5,,0.0,0.0,0.0,1.0,2217649
GCF_004134625.1,1706.0,51.0,1.0,0.0,0.0,0.0,0.0,2364132
,,,,1.0,1.0,1.0,1.0,2936949
,,,,1.0,1.0,1.0,1.0,2936950
,,,,1.0,1.0,1.0,1.0,2936951
,,,,1.0,1.0,1.0,1.0,2936952
,,,,1.0,1.0,1.0,1.0,2936953
,,,,1.0,1.0,1.0,1.0,2936954
,,,,1.0,1.0,1.0,1.0,2996223
,,,,1.0,1.0,1.0,1.0,2936955
,,,,1.0,1.0,1.0,1.0,2996224
,,,,1.0,1.0,1.0,1.0,2936956
,,,,1.0,1.0,1.0,1.0,2936957
,,,,1.0,1.0,1.0,1.0,2936958
,,,,1.0,1.0,1.0,1.0,2936959
,,,,1.0,1.0,1.0,1.0,2936960
,,,,1.0,1.0,1.0,1.0,2996225
,,,,1.0,1.0,1.0,1.0,2996226
,,,,1.0,1.0,1.0,1.0,2996227
,,,,1.0,1.0,1.0,1.0,2936961
,,,,1.0,1.0,1.0,1.0,2936962
,,,,1.0,1.0,1.0,1.0,2936963
,,,,1.0,1.0,1.0,1.0,2936964
,,,,1.0,1.0,1.0,1.0,2996207
,,,,1.0,1.0,1.0,1.0,2996208
,,,,1.0,1.0,1.0,1.0,2996209
,,,,1.0,1.0,1.0,1.0,2996210
,,,,1.0,1.0,1.0,1.0,2996211
,,,,1.0,1.0,1.0,1.0,2996212
,,,,1.0,1.0,1.0,1.0,2996213
,,,,1.0,1.0,1.0,1.0,2936965
,,,,1.0,1.0,1.0,1.0,2996214
,,,,1.0,1.0,1.0,1.0,2996215
,,,,1.0,1.0,1.0,1.0,2996216
,,,,1.0,1.0,1.0,1.0,2996217
,,,,1.0,1.0,1.0,1.0,2996218
,,,,1.0,1.0,1.0,1.0,2996219
,,,,1.0,1.0,1.0,1.0,2996220
,,,,1.0,1.0,1.0,1.0,2996221
,,,,1.0,1.0,1.0,1.0,2936966
,,,,1.0,1.0,1.0,1.0,2936967
,,,,1.0,1.0,1.0,1.0,2936968
,,,,1.0,1.0,1.0,1.0,2936969
,,,,1.0,1.0,1.0,1.0,2936970
,,,,1.0,1.0,1.0,1.0,2936971
,,,,1.0,1.0,1.0,1.0,2936972
,,,,1.0,1.0,1.0,1.0,2936973
,,,,1.0,1.0,1.0,1.0,2936974
,,,,1.0,1.0,1.0,1.0,2936975
,,,,1.0,1.0,1.0,1.0,2936976
,,,,1.0,1.0,1.0,1.0,2936977
,,,,1.0,1.0,1.0,1.0,2936978
GCA_031163175.1,6900.0,48.5,3.0,0.0,0.0,0.0,0.0,1914440
,,,,1.0,1.0,1.0,1.0,2936979
,,,,1.0,1.0,1.0,1.0,3242737
,,,,1.0,1.0,1.0,1.0,675389
GCF_029884985.1,4425.0,40.5,3.0,0.0,0.0,0.0,0.0,2604334
GCF_012271575.1,27464.0,38.0,6.0,0.0,0.0,0.0,0.0,694014
,,,,1.0,1.0,1.0,1.0,2734509
,,,,1.0,1.0,1.0,1.0,2724194
GCF_000859965.1,4302.0,53.0,1.0,0.0,0.0,0.0,0.0,93465
,,,,1.0,1.0,1.0,1.0,11945
GCA_031236215.1,2195.0,46.5,2.0,0.0,0.0,0.0,0.0,2781374
GCF_000891575.1,7489.0,53.0,3.0,0.0,0.0,0.0,0.0,11864
GCA_031321445.1,9594.0,47.0,,0.0,0.0,0.0,1.0,2986276
GCF_018586885.1,16914.0,40.5,6.0,0.0,0.0,0.0,0.0,2613793
,,,,1.0,1.0,1.0,1.0,11960
GCA_031155505.1,6959.0,45.5,,0.0,0.0,0.0,1.0,1354735
,,,,1.0,1.0,1.0,1.0,640327
GCF_003092915.1,23593.0,48.5,12.0,0.0,0.0,0.0,0.0,38170
GCF_013087815.1,15408.0,52.0,6.0,0.0,0.0,0.0,0.0,2094282
,,,,1.0,1.0,1.0,1.0,1049185
,,,,1.0,1.0,1.0,1.0,2919602
,,,,1.0,1.0,1.0,1.0,1382266
,,,,1.0,1.0,1.0,1.0,1702318
,,,,1.0,1.0,1.0,1.0,11955
,,,,1.0,1.0,1.0,1.0,639242
,,,,1.0,1.0,1.0,1.0,639243
,,,,1.0,1.0,1.0,1.0,639244
,,,,1.0,1.0,1.0,1.0,639245
,,,,1.0,1.0,1.0,1.0,639246
,,,,1.0,1.0,1.0,1.0,639247
,,,,1.0,1.0,1.0,1.0,639248
,,,,1.0,1.0,1.0,1.0,639249
,,,,1.0,1.0,1.0,1.0,639250
,,,,1.0,1.0,1.0,1.0,639251
,,,,1.0,1.0,1.0,1.0,639252
,,,,1.0,1.0,1.0,1.0,639253
,,,,1.0,1.0,1.0,1.0,639254
,,,,1.0,1.0,1.0,1.0,639255
,,,,1.0,1.0,1.0,1.0,639256
,,,,1.0,1.0,1.0,1.0,639257
,,,,1.0,1.0,1.0,1.0,639258
,,,,1.0,1.0,1.0,1.0,639259
,,,,1.0,1.0,1.0,1.0,639260
,,,,1.0,1.0,1.0,1.0,639261
,,,,1.0,1.0,1.0,1.0,639262
,,,,1.0,1.0,1.0,1.0,639263
,,,,1.0,1.0,1.0,1.0,639264
,,,,1.0,1.0,1.0,1.0,639265
,,,,1.0,1.0,1.0,1.0,639266
,,,,1.0,1.0,1.0,1.0,639267
,,,,1.0,1.0,1.0,1.0,639268
,,,,1.0,1.0,1.0,1.0,639269
,,,,1.0,1.0,1.0,1.0,639270
,,,,1.0,1.0,1.0,1.0,639271
,,,,1.0,1.0,1.0,1.0,639272
,,,,1.0,1.0,1.0,1.0,639273
,,,,1.0,1.0,1.0,1.0,639274
,,,,1.0,1.0,1.0,1.0,639275
,,,,1.0,1.0,1.0,1.0,639276
,,,,1.0,1.0,1.0,1.0,639277
,,,,1.0,1.0,1.0,1.0,639278
,,,,1.0,1.0,1.0,1.0,639279
,,,,1.0,1.0,1.0,1.0,639280
,,,,1.0,1.0,1.0,1.0,639281
GCF_000855485.1,5898.0,53.5,3.0,0.0,0.0,0.0,0.0,3048151
,,,,1.0,1.0,1.0,1.0,691956
,,,,1.0,1.0,1.0,1.0,2212748
,,,,1.0,1.0,1.0,1.0,2955389
,,,,1.0,1.0,1.0,1.0,1678144
,,,,1.0,1.0,1.0,1.0,2744857
,,,,1.0,1.0,1.0,1.0,2019388
,,,,1.0,1.0,1.0,1.0,1047190
,,,,1.0,1.0,1.0,1.0,1333866
,,,,1.0,1.0,1.0,1.0,2019389
,,,,1.0,1.0,1.0,1.0,1237714
,,,,1.0,1.0,1.0,1.0,565243
,,,,1.0,1.0,1.0,1.0,565244
,,,,1.0,1.0,1.0,1.0,1756707
,,,,1.0,1.0,1.0,1.0,365620
,,,,1.0,1.0,1.0,1.0,1496300
,,,,1.0,1.0,1.0,1.0,1047191
,,,,1.0,1.0,1.0,1.0,1047192
,,,,1.0,1.0,1.0,1.0,1047193
,,,,1.0,1.0,1.0,1.0,1047194
,,,,1.0,1.0,1.0,1.0,1047195
,,,,1.0,1.0,1.0,1.0,1047196
,,,,1.0,1.0,1.0,1.0,1367515
,,,,1.0,1.0,1.0,1.0,1176578
,,,,1.0,1.0,1.0,1.0,365613
,,,,1.0,1.0,1.0,1.0,1337067
,,,,1.0,1.0,1.0,1.0,986718
,,,,1.0,1.0,1.0,1.0,986725
,,,,1.0,1.0,1.0,1.0,1047197
,,,,1.0,1.0,1.0,1.0,1047198
,,,,1.0,1.0,1.0,1.0,1047199
,,,,1.0,1.0,1.0,1.0,1047200
,,,,1.0,1.0,1.0,1.0,1047201
,,,,1.0,1.0,1.0,1.0,1047202
,,,,1.0,1.0,1.0,1.0,1047203
,,,,1.0,1.0,1.0,1.0,1004021
,,,,1.0,1.0,1.0,1.0,1004022
,,,,1.0,1.0,1.0,1.0,2582417
,,,,1.0,1.0,1.0,1.0,2582418
,,,,1.0,1.0,1.0,1.0,2734904
,,,,1.0,1.0,1.0,1.0,2734905
,,,,1.0,1.0,1.0,1.0,692273
,,,,1.0,1.0,1.0,1.0,1569592
,,,,1.0,1.0,1.0,1.0,1047204
,,,,1.0,1.0,1.0,1.0,1465725
,,,,1.0,1.0,1.0,1.0,692274
,,,,1.0,1.0,1.0,1.0,408592
,,,,1.0,1.0,1.0,1.0,986727
,,,,1.0,1.0,1.0,1.0,986723
,,,,1.0,1.0,1.0,1.0,986720
,,,,1.0,1.0,1.0,1.0,1367516
,,,,1.0,1.0,1.0,1.0,1367517
,,,,1.0,1.0,1.0,1.0,1367518
,,,,1.0,1.0,1.0,1.0,1367519
,,,,1.0,1.0,1.0,1.0,1367520
,,,,1.0,1.0,1.0,1.0,1367521
,,,,1.0,1.0,1.0,1.0,1367522
,,,,1.0,1.0,1.0,1.0,1367523
,,,,1.0,1.0,1.0,1.0,1367524
,,,,1.0,1.0,1.0,1.0,1367525
,,,,1.0,1.0,1.0,1.0,1367526
,,,,1.0,1.0,1.0,1.0,1367527
,,,,1.0,1.0,1.0,1.0,986726
,,,,1.0,1.0,1.0,1.0,1047205
,,,,1.0,1.0,1.0,1.0,365621
,,,,1.0,1.0,1.0,1.0,795157
,,,,1.0,1.0,1.0,1.0,795158
,,,,1.0,1.0,1.0,1.0,795159
,,,,1.0,1.0,1.0,1.0,795160
,,,,1.0,1.0,1.0,1.0,795161
,,,,1.0,1.0,1.0,1.0,795162
,,,,1.0,1.0,1.0,1.0,795163
,,,,1.0,1.0,1.0,1.0,795164
,,,,1.0,1.0,1.0,1.0,795165
,,,,1.0,1.0,1.0,1.0,795166
,,,,1.0,1.0,1.0,1.0,795167
,,,,1.0,1.0,1.0,1.0,795168
,,,,1.0,1.0,1.0,1.0,1004778
,,,,1.0,1.0,1.0,1.0,1496301
,,,,1.0,1.0,1.0,1.0,1259810
,,,,1.0,1.0,1.0,1.0,986722
,,,,1.0,1.0,1.0,1.0,986719
,,,,1.0,1.0,1.0,1.0,986728
,,,,1.0,1.0,1.0,1.0,986724
,,,,1.0,1.0,1.0,1.0,1281442
,,,,1.0,1.0,1.0,1.0,1281441
,,,,1.0,1.0,1.0,1.0,1496299
,,,,1.0,1.0,1.0,1.0,986729
,,,,1.0,1.0,1.0,1.0,469620
,,,,1.0,1.0,1.0,1.0,1006327
,,,,1.0,1.0,1.0,1.0,1608258
,,,,1.0,1.0,1.0,1.0,2320697
,,,,1.0,1.0,1.0,1.0,704179
,,,,1.0,1.0,1.0,1.0,1006326
,,,,1.0,1.0,1.0,1.0,569164
,,,,1.0,1.0,1.0,1.0,468376
,,,,1.0,1.0,1.0,1.0,468377
,,,,1.0,1.0,1.0,1.0,263959
,,,,1.0,1.0,1.0,1.0,1294089
,,,,1.0,1.0,1.0,1.0,1294090
,,,,1.0,1.0,1.0,1.0,1294091
,,,,1.0,1.0,1.0,1.0,1294092
,,,,1.0,1.0,1.0,1.0,1294093
,,,,1.0,1.0,1.0,1.0,1294094
,,,,1.0,1.0,1.0,1.0,656811
,,,,1.0,1.0,1.0,1.0,656813
,,,,1.0,1.0,1.0,1.0,1294095
,,,,1.0,1.0,1.0,1.0,1294096
,,,,1.0,1.0,1.0,1.0,263954
,,,,1.0,1.0,1.0,1.0,1294097
,,,,1.0,1.0,1.0,1.0,1294098
,,,,1.0,1.0,1.0,1.0,1294099
,,,,1.0,1.0,1.0,1.0,462818
,,,,1.0,1.0,1.0,1.0,1294100
,,,,1.0,1.0,1.0,1.0,656815
,,,,1.0,1.0,1.0,1.0,656814
,,,,1.0,1.0,1.0,1.0,1294101
,,,,1.0,1.0,1.0,1.0,1294102
,,,,1.0,1.0,1.0,1.0,1294103
,,,,1.0,1.0,1.0,1.0,1294104
,,,,1.0,1.0,1.0,1.0,1294105
,,,,1.0,1.0,1.0,1.0,1294106
,,,,1.0,1.0,1.0,1.0,1294107
,,,,1.0,1.0,1.0,1.0,1294108
,,,,1.0,1.0,1.0,1.0,1294109
,,,,1.0,1.0,1.0,1.0,1294110
,,,,1.0,1.0,1.0,1.0,468378
,,,,1.0,1.0,1.0,1.0,468379
,,,,1.0,1.0,1.0,1.0,468380
,,,,1.0,1.0,1.0,1.0,656810
,,,,1.0,1.0,1.0,1.0,1294111
,,,,1.0,1.0,1.0,1.0,656812
,,,,1.0,1.0,1.0,1.0,1511774
,,,,1.0,1.0,1.0,1.0,1294112
,,,,1.0,1.0,1.0,1.0,1294113
,,,,1.0,1.0,1.0,1.0,1294114
,,,,1.0,1.0,1.0,1.0,1294115
,,,,1.0,1.0,1.0,1.0,1294116
,,,,1.0,1.0,1.0,1.0,405092
,,,,1.0,1.0,1.0,1.0,1294117
,,,,1.0,1.0,1.0,1.0,1294118
,,,,1.0,1.0,1.0,1.0,1294119
,,,,1.0,1.0,1.0,1.0,1294120
,,,,1.0,1.0,1.0,1.0,1656227
,,,,1.0,1.0,1.0,1.0,1133595
,,,,1.0,1.0,1.0,1.0,856735
GCA_033951315.1,113506.0,31.0,108.0,0.0,0.0,0.0,0.0,1928336
,,,,1.0,1.0,1.0,1.0,1234869
,,,,1.0,1.0,1.0,1.0,880350
,,,,1.0,1.0,1.0,1.0,569163
GCF_002816595.1,7373.0,45.0,1.0,0.0,0.0,0.0,0.0,1511772
GCA_031171275.1,7342.0,46.0,,0.0,0.0,0.0,1.0,2080834
GCF_000924115.1,7310.0,48.5,1.0,0.0,0.0,0.0,0.0,1985982
GCF_000923475.1,7167.0,45.0,1.0,0.0,0.0,0.0,0.0,1985983
GCF_001502795.1,7270.0,45.5,1.0,0.0,0.0,0.0,0.0,1766559
,,,,1.0,1.0,1.0,1.0,2809172
,,,,1.0,1.0,1.0,1.0,2212749
,,,,1.0,1.0,1.0,1.0,2212751
,,,,1.0,1.0,1.0,1.0,2212755
,,,,1.0,1.0,1.0,1.0,2212790
GCF_000954435.1,2142.0,42.0,2.0,0.0,0.0,0.0,0.0,1618249
,,,,1.0,1.0,1.0,1.0,2493083
,,,,1.0,1.0,1.0,1.0,1484571
GCF_029887365.1,12557.0,36.5,3.0,0.0,0.0,0.0,0.0,2304618
GCA_031193265.1,11013.0,47.0,,0.0,0.0,0.0,1.0,2654971
,,,,1.0,1.0,1.0,1.0,1740857
,,,,1.0,1.0,1.0,1.0,2707195
,,,,1.0,1.0,1.0,1.0,2748958
,,,,1.0,1.0,1.0,1.0,2707196
GCF_001963095.1,8176.0,54.0,2.0,0.0,0.0,0.0,0.0,2560343
,,,,1.0,1.0,1.0,1.0,2809180
,,,,1.0,1.0,1.0,1.0,1272938
GCF_029887655.1,12765.0,35.5,4.0,0.0,0.0,0.0,0.0,2748241
,,,,1.0,1.0,1.0,1.0,2707197
,,,,1.0,1.0,1.0,1.0,39725
,,,,1.0,1.0,1.0,1.0,694003
,,,,1.0,1.0,1.0,1.0,3069714
,,,,1.0,1.0,1.0,1.0,3029445
,,,,1.0,1.0,1.0,1.0,41996
,,,,1.0,1.0,1.0,1.0,2707198
GCF_004132805.1,9228.0,48.0,2.0,0.0,0.0,0.0,0.0,2099352
,,,,1.0,1.0,1.0,1.0,2936980
,,,,1.0,1.0,1.0,1.0,2776961
,,,,1.0,1.0,1.0,1.0,2495901
,,,,1.0,1.0,1.0,1.0,2777463
GCF_029888205.1,12536.0,36.0,3.0,0.0,0.0,0.0,0.0,2818228
,,,,1.0,1.0,1.0,1.0,2794468
,,,,1.0,1.0,1.0,1.0,2707199
,,,,1.0,1.0,1.0,1.0,2707200
,,,,1.0,1.0,1.0,1.0,2604331
,,,,1.0,1.0,1.0,1.0,2604332
,,,,1.0,1.0,1.0,1.0,2604333
,,,,1.0,1.0,1.0,1.0,1291378
,,,,1.0,1.0,1.0,1.0,2776966
,,,,1.0,1.0,1.0,1.0,2707201
,,,,1.0,1.0,1.0,1.0,2776920
,,,,1.0,1.0,1.0,1.0,2489502
,,,,1.0,1.0,1.0,1.0,608831
,,,,1.0,1.0,1.0,1.0,2651592
GCF_002816215.1,26487.0,38.5,9.0,0.0,0.0,0.0,0.0,574549
,,,,1.0,1.0,1.0,1.0,2832629
,,,,1.0,1.0,1.0,1.0,548681
,,,,1.0,1.0,1.0,1.0,2928393
,,,,1.0,1.0,1.0,1.0,2707203
,,,,1.0,1.0,1.0,1.0,3138951
,,,,1.0,1.0,1.0,1.0,2115842
GCF_027939225.1,141537.0,46.0,79.0,0.0,0.0,0.0,0.0,2604840
,,,,1.0,1.0,1.0,1.0,1916234
,,,,1.0,1.0,1.0,1.0,1001627
GCF_004786895.1,7908.0,54.0,2.0,0.0,0.0,0.0,0.0,889389
,,,,1.0,1.0,1.0,1.0,1001628
,,,,1.0,1.0,1.0,1.0,3129245
GCF_012271745.1,28539.0,38.5,16.0,0.0,0.0,0.0,0.0,2569586
,,,,1.0,1.0,1.0,1.0,3085220
,,,,1.0,1.0,1.0,1.0,3085221
,,,,1.0,1.0,1.0,1.0,3085222
,,,,1.0,1.0,1.0,1.0,3085223
GCF_000841685.1,359853.0,30.5,328.0,0.0,0.0,0.0,0.0,44088
,,,,1.0,1.0,1.0,1.0,1692171
,,,,1.0,1.0,1.0,1.0,2776962
,,,,1.0,1.0,1.0,1.0,2814940
,,,,1.0,1.0,1.0,1.0,2794469
,,,,1.0,1.0,1.0,1.0,2776967
GCA_003657725.1,419387.0,27.5,,0.0,0.0,0.0,1.0,2832643
,,,,1.0,1.0,1.0,1.0,2815023
,,,,1.0,1.0,1.0,1.0,2814941
,,,,1.0,1.0,1.0,1.0,2794470
,,,,1.0,1.0,1.0,1.0,3104763
,,,,1.0,1.0,1.0,1.0,3104764
,,,,1.0,1.0,1.0,1.0,3104765
GCF_029885285.1,4382.0,40.5,4.0,0.0,0.0,0.0,0.0,3059857
GCF_029885295.1,4302.0,39.5,4.0,0.0,0.0,0.0,0.0,3059858
GCF_029885305.1,4387.0,39.0,4.0,0.0,0.0,0.0,0.0,3059859
GCF_029885275.1,4323.0,39.0,4.0,0.0,0.0,0.0,0.0,3059860
GCF_029885885.1,4231.0,41.0,4.0,0.0,0.0,0.0,0.0,3059861
GCF_029885895.1,4087.0,41.0,4.0,0.0,0.0,0.0,0.0,3059862
,,,,1.0,1.0,1.0,1.0,3059863
GCF_013087235.1,3539.0,40.0,2.0,0.0,0.0,0.0,0.0,3052106
GCF_013087825.1,4432.0,39.5,2.0,0.0,0.0,0.0,0.0,3052107
GCF_013087285.1,3661.0,39.5,1.0,0.0,0.0,0.0,0.0,3052108
GCF_018587365.1,4428.0,42.5,3.0,0.0,0.0,0.0,0.0,3052109
GCF_018587395.1,4348.0,42.0,3.0,0.0,0.0,0.0,0.0,3052110
,,,,1.0,1.0,1.0,1.0,3059865
,,,,1.0,1.0,1.0,1.0,3059866
,,,,1.0,1.0,1.0,1.0,3059867
,,,,1.0,1.0,1.0,1.0,3059868
,,,,1.0,1.0,1.0,1.0,2785213
GCF_018587825.1,4116.0,42.5,3.0,0.0,0.0,0.0,0.0,3052112
,,,,1.0,1.0,1.0,1.0,2809295
GCF_029885625.1,4219.0,41.0,3.0,0.0,0.0,0.0,0.0,3059872
GCA_031176495.1,4181.0,34.5,,0.0,0.0,0.0,1.0,2448649
,,,,1.0,1.0,1.0,1.0,2707204
GCA_031528425.1,23498.0,48.0,,0.0,0.0,0.0,1.0,2737666
,,,,1.0,1.0,1.0,1.0,2759411
,,,,1.0,1.0,1.0,1.0,2798290
,,,,1.0,1.0,1.0,1.0,2759402
GCF_029885285.1,4382.0,40.5,4.0,0.0,0.0,0.0,0.0,2759403
GCF_029885295.1,4302.0,39.5,4.0,0.0,0.0,0.0,0.0,2759404
GCF_029885305.1,4387.0,39.0,4.0,0.0,0.0,0.0,0.0,2759405
,,,,1.0,1.0,1.0,1.0,2759413
,,,,1.0,1.0,1.0,1.0,2759416
GCF_003963755.1,2343.0,40.0,2.0,0.0,0.0,0.0,0.0,1932006
GCF_000852205.1,6927.0,46.5,2.0,0.0,0.0,0.0,0.0,336959
,,,,1.0,1.0,1.0,1.0,544801
,,,,1.0,1.0,1.0,1.0,2109366
GCA_031201085.1,2001.0,34.5,2.0,0.0,0.0,0.0,0.0,2735304
,,,,1.0,1.0,1.0,1.0,2735305
GCA_031198535.1,2031.0,31.0,2.0,0.0,0.0,0.0,0.0,2682574
GCA_031198515.1,1936.0,43.5,2.0,0.0,0.0,0.0,0.0,2681776
GCA_031185315.1,1911.0,37.0,2.0,0.0,0.0,0.0,0.0,2518641
GCA_031200465.1,1847.0,42.5,,0.0,0.0,0.0,1.0,2720954
GCA_031200475.1,1902.0,49.5,,0.0,0.0,0.0,1.0,2720955
GCA_031200485.1,1910.0,49.5,,0.0,0.0,0.0,1.0,2720956
,,,,1.0,1.0,1.0,1.0,229103
,,,,1.0,1.0,1.0,1.0,1534550
,,,,1.0,1.0,1.0,1.0,1985367 
GCA_031200365.1,2206.0,50.0,,0.0,0.0,0.0,1.0,2720937
GCA_031200375.1,2144.0,49.0,,0.0,0.0,0.0,1.0,2720938
GCA_031200385.1,2127.0,50.5,,0.0,0.0,0.0,1.0,2720939
GCA_031200395.1,2270.0,51.0,,0.0,0.0,0.0,1.0,2720940
GCA_031200405.1,2191.0,49.5,,0.0,0.0,0.0,1.0,2720943
GCA_031200415.1,2180.0,50.5,,0.0,0.0,0.0,1.0,2720944
GCA_031200425.1,2145.0,50.0,,0.0,0.0,0.0,1.0,2720947
GCA_031200435.1,2236.0,54.0,,0.0,0.0,0.0,1.0,2720948
GCA_031200445.1,2182.0,50.5,,0.0,0.0,0.0,1.0,2720950
GCA_031200455.1,2161.0,49.0,,0.0,0.0,0.0,1.0,2720953
,,,,1.0,1.0,1.0,1.0,1081804
,,,,1.0,1.0,1.0,1.0,762506
,,,,1.0,1.0,1.0,1.0,762507
,,,,1.0,1.0,1.0,1.0,1081806
,,,,1.0,1.0,1.0,1.0,1081805
,,,,1.0,1.0,1.0,1.0,1081802
,,,,1.0,1.0,1.0,1.0,1081807
,,,,1.0,1.0,1.0,1.0,762508
,,,,1.0,1.0,1.0,1.0,703584
,,,,1.0,1.0,1.0,1.0,1081803
,,,,1.0,1.0,1.0,1.0,762509
,,,,1.0,1.0,1.0,1.0,762510
,,,,1.0,1.0,1.0,1.0,762511
,,,,1.0,1.0,1.0,1.0,881301
,,,,1.0,1.0,1.0,1.0,881302
,,,,1.0,1.0,1.0,1.0,881303
,,,,1.0,1.0,1.0,1.0,881304
,,,,1.0,1.0,1.0,1.0,881305
,,,,1.0,1.0,1.0,1.0,881306
,,,,1.0,1.0,1.0,1.0,881307
,,,,1.0,1.0,1.0,1.0,881308
,,,,1.0,1.0,1.0,1.0,881309
,,,,1.0,1.0,1.0,1.0,881310
,,,,1.0,1.0,1.0,1.0,1090532
,,,,1.0,1.0,1.0,1.0,1048871
GCF_004117635.1,4232.0,45.0,4.0,0.0,0.0,0.0,0.0,1930304
,,,,1.0,1.0,1.0,1.0,1819751
GCF_000923455.1,8287.0,55.5,1.0,0.0,0.0,0.0,0.0,1534544
GCF_000922415.1,9564.0,44.5,1.0,0.0,0.0,0.0,0.0,1534547
,,,,1.0,1.0,1.0,1.0,1566337
,,,,1.0,1.0,1.0,1.0,1839669
,,,,1.0,1.0,1.0,1.0,908207
,,,,1.0,1.0,1.0,1.0,1566005
GCA_031268925.1,1858.0,46.0,2.0,0.0,0.0,0.0,0.0,2875658
GCA_031269125.1,3843.0,30.5,2.0,0.0,0.0,0.0,0.0,2875663
GCA_031269185.1,4890.0,35.0,3.0,0.0,0.0,0.0,0.0,2875664
,,,,1.0,1.0,1.0,1.0,2875665
GCA_031269325.1,1654.0,47.0,2.0,0.0,0.0,0.0,0.0,2875669
GCA_031269375.1,1787.0,44.0,2.0,0.0,0.0,0.0,0.0,2875670
GCA_031269445.1,1697.0,47.5,2.0,0.0,0.0,0.0,0.0,2875671
GCA_031269455.1,1181.0,41.5,3.0,0.0,0.0,0.0,0.0,2875672
GCA_031269495.1,1031.0,40.5,2.0,0.0,0.0,0.0,0.0,2875673
GCA_031269555.1,3167.0,41.5,3.0,0.0,0.0,0.0,0.0,2875674
GCA_031268945.1,1623.0,46.5,2.0,0.0,0.0,0.0,0.0,2875659
GCA_031269585.1,1411.0,44.5,2.0,0.0,0.0,0.0,0.0,2875675
GCA_031269625.1,1813.0,43.0,3.0,0.0,0.0,0.0,0.0,2875676
GCA_031269695.1,1852.0,40.0,2.0,0.0,0.0,0.0,0.0,2875677
GCA_031269715.1,1866.0,43.0,2.0,0.0,0.0,0.0,0.0,2875678
GCA_031269745.1,1793.0,46.0,2.0,0.0,0.0,0.0,0.0,2875679
GCA_031269805.1,1948.0,48.5,3.0,0.0,0.0,0.0,0.0,2875680
GCA_031269835.1,1953.0,41.0,1.0,0.0,0.0,0.0,0.0,2875681
GCA_031269855.1,1830.0,45.0,3.0,0.0,0.0,0.0,0.0,2875682
GCA_031269885.1,1726.0,48.0,3.0,0.0,0.0,0.0,0.0,2875683
GCA_031269005.1,2070.0,39.0,2.0,0.0,0.0,0.0,0.0,2875660
GCA_031269975.1,3345.0,50.0,4.0,0.0,0.0,0.0,0.0,2875684
GCA_031269055.1,1240.0,38.5,1.0,0.0,0.0,0.0,0.0,2875661
GCA_031269085.1,1531.0,42.5,2.0,0.0,0.0,0.0,0.0,2875662
GCA_031269215.1,1894.0,44.0,2.0,0.0,0.0,0.0,0.0,2875666
GCA_031269265.1,1931.0,42.5,2.0,0.0,0.0,0.0,0.0,2875667
GCA_031269305.1,1809.0,42.5,2.0,0.0,0.0,0.0,0.0,2875668
GCA_031200495.1,2452.0,54.5,,0.0,0.0,0.0,1.0,2720957
GCA_031200505.1,2394.0,50.0,,0.0,0.0,0.0,1.0,2720963
GCA_031200515.1,2574.0,51.5,,0.0,0.0,0.0,1.0,2720964
GCA_031200525.1,2573.0,52.0,,0.0,0.0,0.0,1.0,2720965
GCA_031200595.1,2405.0,50.5,,0.0,0.0,0.0,1.0,2720967
GCF_003729875.1,3173.0,48.0,2.0,0.0,0.0,0.0,0.0,2109373
GCF_003729855.1,3161.0,48.0,2.0,0.0,0.0,0.0,0.0,2109374
GCF_001968175.1,4668.0,43.5,3.0,0.0,0.0,0.0,0.0,1930302
GCA_031200215.1,1933.0,33.0,,0.0,0.0,0.0,1.0,2720900
GCA_031200225.1,1690.0,47.5,,0.0,0.0,0.0,1.0,2720901
GCA_031200255.1,1934.0,38.0,,0.0,0.0,0.0,1.0,2720902
GCA_031200265.1,2863.0,41.5,,0.0,0.0,0.0,1.0,2720903
GCA_031200275.1,2443.0,50.0,,0.0,0.0,0.0,1.0,2720904
GCA_031200285.1,2093.0,44.5,,0.0,0.0,0.0,1.0,2720905
GCA_031200295.1,1962.0,38.0,,0.0,0.0,0.0,1.0,2720906
GCA_031200305.1,2455.0,50.5,,0.0,0.0,0.0,1.0,2720908
GCA_031200315.1,1977.0,36.5,,0.0,0.0,0.0,1.0,2720909
GCA_031200325.1,2163.0,50.0,,0.0,0.0,0.0,1.0,2720910
GCA_031200335.1,2543.0,51.0,,0.0,0.0,0.0,1.0,2720911
GCA_031200345.1,2862.0,41.5,,0.0,0.0,0.0,1.0,2720912
GCA_031200355.1,2539.0,51.0,,0.0,0.0,0.0,1.0,2720913
GCF_001021315.1,3141.0,40.0,2.0,0.0,0.0,0.0,0.0,1608440
,,,,1.0,1.0,1.0,1.0,2510842
,,,,1.0,1.0,1.0,1.0,1434087
,,,,1.0,1.0,1.0,1.0,1434089
,,,,1.0,1.0,1.0,1.0,1434090
,,,,1.0,1.0,1.0,1.0,1434091
,,,,1.0,1.0,1.0,1.0,1434092
,,,,1.0,1.0,1.0,1.0,1434093
,,,,1.0,1.0,1.0,1.0,1434094
,,,,1.0,1.0,1.0,1.0,2928394
,,,,1.0,1.0,1.0,1.0,2707205
,,,,1.0,1.0,1.0,1.0,2815020
,,,,1.0,1.0,1.0,1.0,2794471
,,,,1.0,1.0,1.0,1.0,2809007
,,,,1.0,1.0,1.0,1.0,2815024
,,,,1.0,1.0,1.0,1.0,2814997
,,,,1.0,1.0,1.0,1.0,2794504
,,,,1.0,1.0,1.0,1.0,2794472
,,,,1.0,1.0,1.0,1.0,2605648
GCA_003389855.1,3398.0,33.0,,0.0,0.0,0.0,1.0,2094724
GCA_003389875.1,2967.0,33.0,,0.0,0.0,0.0,1.0,2094725
GCF_003656925.1,2780.0,40.5,2.0,0.0,0.0,0.0,0.0,1954248
,,,,1.0,1.0,1.0,1.0,742980
,,,,1.0,1.0,1.0,1.0,742984
,,,,1.0,1.0,1.0,1.0,742985
,,,,1.0,1.0,1.0,1.0,742989
,,,,1.0,1.0,1.0,1.0,742994
,,,,1.0,1.0,1.0,1.0,742997
,,,,1.0,1.0,1.0,1.0,742998
,,,,1.0,1.0,1.0,1.0,742999
GCF_000846785.1,1952.0,51.5,4.0,0.0,0.0,0.0,0.0,3047720
GCF_000864045.1,1991.0,51.0,4.0,0.0,0.0,0.0,0.0,3047813
GCF_000869525.1,1962.0,54.5,3.0,0.0,0.0,0.0,0.0,3047835
GCF_000837325.1,1821.0,49.0,4.0,0.0,0.0,0.0,0.0,3047842
GCF_000870205.1,2035.0,51.0,3.0,0.0,0.0,0.0,0.0,3047861
,,,,1.0,1.0,1.0,1.0,3047561
GCF_018587745.1,1988.0,50.0,2.0,0.0,0.0,0.0,0.0,3048261
GCF_000843885.1,2037.0,55.5,5.0,0.0,0.0,0.0,0.0,3050342
GCF_000869425.1,1898.0,51.5,2.0,0.0,0.0,0.0,0.0,3048293
GCA_004043995.1,2288.0,53.0,2.0,0.0,0.0,0.0,0.0,1964372
GCF_000868125.1,2063.0,50.5,3.0,0.0,0.0,0.0,0.0,3048341
GCF_000925255.1,1783.0,51.0,2.0,0.0,0.0,0.0,0.0,3048350
GCF_000989035.1,1982.0,56.0,4.0,0.0,0.0,0.0,0.0,3048458
,,,,1.0,1.0,1.0,1.0,2707206
,,,,1.0,1.0,1.0,1.0,3080879
,,,,1.0,1.0,1.0,1.0,2928402
,,,,1.0,1.0,1.0,1.0,3112648
,,,,1.0,1.0,1.0,1.0,3112657
,,,,1.0,1.0,1.0,1.0,3112658
,,,,1.0,1.0,1.0,1.0,3112659
,,,,1.0,1.0,1.0,1.0,3112660
,,,,1.0,1.0,1.0,1.0,3112661
,,,,1.0,1.0,1.0,1.0,3112662
,,,,1.0,1.0,1.0,1.0,3112663
,,,,1.0,1.0,1.0,1.0,3112664
,,,,1.0,1.0,1.0,1.0,3112649
,,,,1.0,1.0,1.0,1.0,3112650
,,,,1.0,1.0,1.0,1.0,3112651
,,,,1.0,1.0,1.0,1.0,3112652
,,,,1.0,1.0,1.0,1.0,3112653
,,,,1.0,1.0,1.0,1.0,3112654
,,,,1.0,1.0,1.0,1.0,3112655
,,,,1.0,1.0,1.0,1.0,3112656
,,,,1.0,1.0,1.0,1.0,39725
,,,,1.0,1.0,1.0,1.0,39725
,,,,1.0,1.0,1.0,1.0,690691
,,,,1.0,1.0,1.0,1.0,39725
,,,,1.0,1.0,1.0,1.0,39725
GCF_000896895.1,26223.0,35.0,9.0,0.0,0.0,0.0,0.0,1159902
,,,,1.0,1.0,1.0,1.0,349370
,,,,1.0,1.0,1.0,1.0,3049970
,,,,1.0,1.0,1.0,1.0,2707207
,,,,1.0,1.0,1.0,1.0,3019552
,,,,1.0,1.0,1.0,1.0,2707208
,,,,1.0,1.0,1.0,1.0,2707209
,,,,1.0,1.0,1.0,1.0,643400
,,,,1.0,1.0,1.0,1.0,643397
,,,,1.0,1.0,1.0,1.0,1965089
,,,,1.0,1.0,1.0,1.0,2717633
,,,,1.0,1.0,1.0,1.0,643399
,,,,1.0,1.0,1.0,1.0,643398
GCA_031528435.1,23578.0,50.5,12.0,0.0,0.0,0.0,0.0,2737667
,,,,1.0,1.0,1.0,1.0,2928395
,,,,1.0,1.0,1.0,1.0,381199
,,,,1.0,1.0,1.0,1.0,2928396
,,,,1.0,1.0,1.0,1.0,2734526
GCF_023141935.1,2191.0,58.0,2.0,0.0,0.0,0.0,0.0,2748378
,,,,1.0,1.0,1.0,1.0,3116679
,,,,1.0,1.0,1.0,1.0,3116680
,,,,1.0,1.0,1.0,1.0,2976362
,,,,1.0,1.0,1.0,1.0,39725
GCA_031314235.1,328768.0,29.5,403.0,0.0,0.0,0.0,0.0,2942216
GCA_031190105.1,6350.0,42.5,,0.0,0.0,0.0,1.0,2569971
GCA_036852075.1,9325.0,37.0,,0.0,0.0,0.0,1.0,2010275
,,,,1.0,1.0,1.0,1.0,2717889
,,,,1.0,1.0,1.0,1.0,2815025
,,,,1.0,1.0,1.0,1.0,2794473
GCF_000918055.1,2087.0,52.0,2.0,0.0,0.0,0.0,0.0,1282444
GCF_000919075.1,2308.0,49.5,2.0,0.0,0.0,0.0,0.0,1282443
,,,,1.0,1.0,1.0,1.0,742974
,,,,1.0,1.0,1.0,1.0,742975
,,,,1.0,1.0,1.0,1.0,742976
,,,,1.0,1.0,1.0,1.0,742977
,,,,1.0,1.0,1.0,1.0,742978
,,,,1.0,1.0,1.0,1.0,742979
,,,,1.0,1.0,1.0,1.0,742981
,,,,1.0,1.0,1.0,1.0,742982
,,,,1.0,1.0,1.0,1.0,742983
,,,,1.0,1.0,1.0,1.0,742986
,,,,1.0,1.0,1.0,1.0,742987
,,,,1.0,1.0,1.0,1.0,742988
,,,,1.0,1.0,1.0,1.0,742990
,,,,1.0,1.0,1.0,1.0,742991
,,,,1.0,1.0,1.0,1.0,742992
,,,,1.0,1.0,1.0,1.0,742993
,,,,1.0,1.0,1.0,1.0,742995
,,,,1.0,1.0,1.0,1.0,742996
,,,,1.0,1.0,1.0,1.0,743000
,,,,1.0,1.0,1.0,1.0,743001
,,,,1.0,1.0,1.0,1.0,743002
,,,,1.0,1.0,1.0,1.0,743003
GCF_002819905.1,1760.0,44.5,2.0,0.0,0.0,0.0,0.0,3047744
GCF_029886325.1,1829.0,39.5,2.0,0.0,0.0,0.0,0.0,3059916
GCF_002194385.1,1902.0,49.5,2.0,0.0,0.0,0.0,0.0,3047812
GCF_029886335.1,1846.0,39.0,2.0,0.0,0.0,0.0,0.0,3059924
GCF_004133245.1,1778.0,41.0,2.0,0.0,0.0,0.0,0.0,3047745
,,,,1.0,1.0,1.0,1.0,3047966
GCF_029886285.1,1939.0,49.0,2.0,0.0,0.0,0.0,0.0,3059936
GCF_029886315.1,1930.0,34.5,2.0,0.0,0.0,0.0,0.0,3059938
GCF_029886295.1,1806.0,38.5,2.0,0.0,0.0,0.0,0.0,3059940
GCF_029886305.1,1882.0,42.0,2.0,0.0,0.0,0.0,0.0,3059942
GCF_029886275.1,1916.0,40.5,2.0,0.0,0.0,0.0,0.0,3059946
,,,,1.0,1.0,1.0,1.0,1151044
,,,,1.0,1.0,1.0,1.0,2815026
,,,,1.0,1.0,1.0,1.0,2794485
,,,,1.0,1.0,1.0,1.0,2794505
,,,,1.0,1.0,1.0,1.0,2815027
,,,,1.0,1.0,1.0,1.0,2794486
,,,,1.0,1.0,1.0,1.0,2794509
,,,,1.0,1.0,1.0,1.0,2794474
,,,,1.0,1.0,1.0,1.0,3050271
,,,,1.0,1.0,1.0,1.0,2844056
,,,,1.0,1.0,1.0,1.0,2707210
,,,,1.0,1.0,1.0,1.0,1697926
,,,,1.0,1.0,1.0,1.0,1697925
GCA_031243005.1,26289.0,42.0,9.0,0.0,0.0,0.0,0.0,2814911
GCA_031243015.1,26289.0,42.0,9.0,0.0,0.0,0.0,0.0,2814912
GCA_031243035.1,26240.0,41.5,9.0,0.0,0.0,0.0,0.0,2814914
GCA_031243025.1,26208.0,42.0,9.0,0.0,0.0,0.0,0.0,2814913
GCA_031163155.1,26159.0,40.0,10.0,0.0,0.0,0.0,0.0,1911231
,,,,1.0,1.0,1.0,1.0,2815028
,,,,1.0,1.0,1.0,1.0,2794487
,,,,1.0,1.0,1.0,1.0,2794475
GCF_000845505.1,5132.0,46.0,2.0,0.0,0.0,0.0,0.0,1511895
GCF_029884995.1,4642.0,57.5,4.0,0.0,0.0,0.0,0.0,1511894
,,,,1.0,1.0,1.0,1.0,3059966
,,,,1.0,1.0,1.0,1.0,2052559
,,,,1.0,1.0,1.0,1.0,1930308
,,,,1.0,1.0,1.0,1.0,2707211
,,,,1.0,1.0,1.0,1.0,2707212
,,,,1.0,1.0,1.0,1.0,2707213
,,,,1.0,1.0,1.0,1.0,2707214
,,,,1.0,1.0,1.0,1.0,2707215
,,,,1.0,1.0,1.0,1.0,2875326
,,,,1.0,1.0,1.0,1.0,2233537
,,,,1.0,1.0,1.0,1.0,2726020
,,,,1.0,1.0,1.0,1.0,2781378
,,,,1.0,1.0,1.0,1.0,1897654
GCA_031160965.1,7463.0,43.0,,0.0,0.0,0.0,1.0,1517684
GCF_000883675.1,7722.0,41.5,3.0,0.0,0.0,0.0,0.0,905828
GCF_000845945.1,33213.0,43.0,30.0,0.0,0.0,0.0,0.0,130328
,,,,1.0,1.0,1.0,1.0,2875327
GCF_000923915.1,43734.0,46.0,36.0,0.0,0.0,0.0,0.0,1534553
,,,,1.0,1.0,1.0,1.0,2212758
GCA_031192985.1,8293.0,54.5,2.0,0.0,0.0,0.0,0.0,2605442
GCA_031321665.1,1755.0,50.5,,0.0,0.0,0.0,1.0,2994410
,,,,1.0,1.0,1.0,1.0,2734510
GCF_001646015.1,2750.0,43.0,2.0,0.0,0.0,0.0,0.0,1843768
GCF_001646195.1,1845.0,32.0,2.0,0.0,0.0,0.0,0.0,1843769
GCF_001646395.1,1856.0,28.0,2.0,0.0,0.0,0.0,0.0,1843770
,,,,1.0,1.0,1.0,1.0,1208385
,,,,1.0,1.0,1.0,1.0,1093105
,,,,1.0,1.0,1.0,1.0,2781375
,,,,1.0,1.0,1.0,1.0,2781376
,,,,1.0,1.0,1.0,1.0,1070859
,,,,1.0,1.0,1.0,1.0,2590836
GCF_000844545.1,3024.0,43.0,5.0,0.0,0.0,0.0,0.0,12639
,,,,1.0,1.0,1.0,1.0,352474
,,,,1.0,1.0,1.0,1.0,464094
GCA_031155845.1,8447.0,52.0,,0.0,0.0,0.0,1.0,1400257
,,,,1.0,1.0,1.0,1.0,1867231
GCA_031189275.1,7887.0,54.5,7.0,0.0,0.0,0.0,0.0,2562546
GCA_031164375.1,5073.0,46.0,,0.0,0.0,0.0,1.0,1941434
GCA_031165915.1,5073.0,46.0,,0.0,0.0,0.0,1.0,1962258
,,,,1.0,1.0,1.0,1.0,2874388
GCA_031192865.1,7448.0,45.5,,0.0,0.0,0.0,1.0,2602416
,,,,1.0,1.0,1.0,1.0,2212761
,,,,1.0,1.0,1.0,1.0,3163392
GCA_031236235.1,1621.0,42.0,,0.0,0.0,0.0,1.0,2781382
,,,,1.0,1.0,1.0,1.0,2810801
,,,,1.0,1.0,1.0,1.0,1649337
,,,,1.0,1.0,1.0,1.0,2707216
,,,,1.0,1.0,1.0,1.0,2809355
,,,,1.0,1.0,1.0,1.0,2304054
GCF_000862705.1,11675.0,48.5,4.0,0.0,0.0,0.0,0.0,11021
,,,,1.0,1.0,1.0,1.0,2707217
,,,,1.0,1.0,1.0,1.0,2815029
,,,,1.0,1.0,1.0,1.0,2794476
,,,,1.0,1.0,1.0,1.0,2815030
,,,,1.0,1.0,1.0,1.0,2815031
,,,,1.0,1.0,1.0,1.0,2794488
,,,,1.0,1.0,1.0,1.0,2794510
,,,,1.0,1.0,1.0,1.0,2794477
,,,,1.0,1.0,1.0,1.0,2815032
,,,,1.0,1.0,1.0,1.0,2814949
,,,,1.0,1.0,1.0,1.0,2794478
,,,,1.0,1.0,1.0,1.0,2815033
,,,,1.0,1.0,1.0,1.0,2814950
,,,,1.0,1.0,1.0,1.0,2794481
,,,,1.0,1.0,1.0,1.0,2815034
,,,,1.0,1.0,1.0,1.0,2814951
,,,,1.0,1.0,1.0,1.0,2794479
,,,,1.0,1.0,1.0,1.0,2821802
GCF_000907315.1,7397.0,50.5,1.0,0.0,0.0,0.0,0.0,1330520
,,,,1.0,1.0,1.0,1.0,2609082
,,,,1.0,1.0,1.0,1.0,2609083
GCF_000841045.1,7729.0,47.5,6.0,0.0,0.0,0.0,0.0,197771
,,,,1.0,1.0,1.0,1.0,39725
,,,,1.0,1.0,1.0,1.0,39725
,,,,1.0,1.0,1.0,1.0,1446361
GCA_031310625.1,1960.0,49.5,,0.0,0.0,0.0,1.0,2922908
,,,,1.0,1.0,1.0,1.0,39725
GCA_031190065.1,8417.0,40.0,,0.0,0.0,0.0,1.0,2565896
,,,,1.0,1.0,1.0,1.0,1593423
,,,,1.0,1.0,1.0,1.0,2928397
GCA_022338145.1,39008.0,43.5,,0.0,0.0,0.0,1.0,692069
GCA_031171215.1,26162.0,40.0,10.0,0.0,0.0,0.0,0.0,2078576
GCF_002355005.1,7964.0,42.5,1.0,0.0,0.0,0.0,0.0,1964370
GCF_000926315.1,12233.0,51.5,5.0,0.0,0.0,0.0,0.0,1027468
,,,,1.0,1.0,1.0,1.0,928291
,,,,1.0,1.0,1.0,1.0,2815035
,,,,1.0,1.0,1.0,1.0,2794480
,,,,1.0,1.0,1.0,1.0,2815036
,,,,1.0,1.0,1.0,1.0,2794506
,,,,1.0,1.0,1.0,1.0,2707219
GCA_031311155.1,354030.0,30.0,,0.0,0.0,0.0,1.0,2928837
,,,,1.0,1.0,1.0,1.0,2940294
,,,,1.0,1.0,1.0,1.0,503979
GCF_002889855.1,293123.0,29.5,285.0,0.0,0.0,0.0,0.0,2059380
,,,,1.0,1.0,1.0,1.0,1086585
,,,,1.0,1.0,1.0,1.0,1085621
,,,,1.0,1.0,1.0,1.0,1095754
,,,,1.0,1.0,1.0,1.0,12110
GCF_000885435.1,11381.0,48.5,3.0,0.0,0.0,0.0,0.0,48544
GCA_009372355.1,44291.0,53.5,,0.0,0.0,0.0,1.0,1354736
,,,,1.0,1.0,1.0,1.0,172858
,,,,1.0,1.0,1.0,1.0,911325
,,,,1.0,1.0,1.0,1.0,911324
,,,,1.0,1.0,1.0,1.0,911323
,,,,1.0,1.0,1.0,1.0,911322
GCF_000845105.1,43804.0,54.5,31.0,0.0,0.0,0.0,0.0,190061
GCF_000907375.1,45781.0,56.5,39.0,0.0,0.0,0.0,0.0,190062
GCF_000890915.1,45667.0,54.5,46.0,0.0,0.0,0.0,0.0,190063
GCF_000844285.1,45063.0,54.0,29.0,0.0,0.0,0.0,0.0,190064
GCF_002817995.1,43810.0,58.0,37.0,0.0,0.0,0.0,0.0,190065
,,,,1.0,1.0,1.0,1.0,1972696
GCF_000838605.1,288539.0,31.0,260.0,0.0,0.0,0.0,0.0,10261
,,,,1.0,1.0,1.0,1.0,3040023
,,,,1.0,1.0,1.0,1.0,576892
GCA_031239545.1,7645.0,44.0,,0.0,0.0,0.0,1.0,2803188
,,,,1.0,1.0,1.0,1.0,2803189
,,,,1.0,1.0,1.0,1.0,2815044
,,,,1.0,1.0,1.0,1.0,2794489
,,,,1.0,1.0,1.0,1.0,2815000
,,,,1.0,1.0,1.0,1.0,2814960
,,,,1.0,1.0,1.0,1.0,2794507
,,,,1.0,1.0,1.0,1.0,2707220
,,,,1.0,1.0,1.0,1.0,39566
GCA_031311165.1,4211.0,44.5,,0.0,0.0,0.0,1.0,2928878
GCA_031311175.1,4070.0,43.5,,0.0,0.0,0.0,1.0,2928879
GCA_031311185.1,3429.0,42.0,,0.0,0.0,0.0,1.0,2928880
GCA_031311195.1,2582.0,43.0,,0.0,0.0,0.0,1.0,2928881
GCA_031311205.1,1948.0,44.5,,0.0,0.0,0.0,1.0,2928882
GCA_031311215.1,1914.0,40.5,,0.0,0.0,0.0,1.0,2928883
GCA_031311225.1,1895.0,44.5,,0.0,0.0,0.0,1.0,2928884
GCA_031311235.1,1622.0,45.0,,0.0,0.0,0.0,1.0,2928885
GCA_031311245.1,4270.0,44.5,,0.0,0.0,0.0,1.0,2928886
GCA_031311255.1,4230.0,42.5,,0.0,0.0,0.0,1.0,2928887
GCA_031311265.1,4225.0,40.5,,0.0,0.0,0.0,1.0,2928888
GCA_031311275.1,4212.0,43.0,,0.0,0.0,0.0,1.0,2928889
GCF_000924095.1,8432.0,45.0,1.0,0.0,0.0,0.0,0.0,1511776
GCF_001500755.1,8506.0,45.5,1.0,0.0,0.0,0.0,0.0,1766557
,,,,1.0,1.0,1.0,1.0,2809412
,,,,1.0,1.0,1.0,1.0,2163008
,,,,1.0,1.0,1.0,1.0,1891746
,,,,1.0,1.0,1.0,1.0,1891747
GCF_000868965.1,5079.0,45.5,6.0,0.0,0.0,0.0,0.0,1891748
GCF_000914155.1,5084.0,45.5,6.0,0.0,0.0,0.0,0.0,1891749
GCF_003033365.1,5172.0,44.5,6.0,0.0,0.0,0.0,0.0,2955939
GCF_003033375.1,5284.0,51.0,6.0,0.0,0.0,0.0,0.0,2169904
GCF_000930155.1,4988.0,52.5,5.0,0.0,0.0,0.0,0.0,1891750
GCF_000864605.1,5278.0,51.0,6.0,0.0,0.0,0.0,0.0,1891751
GCF_000896095.1,5421.0,49.0,5.0,0.0,0.0,0.0,0.0,1891752
GCF_002219445.1,1971.0,45.0,2.0,0.0,0.0,0.0,0.0,2006642
,,,,1.0,1.0,1.0,1.0,2794508
,,,,1.0,1.0,1.0,1.0,690285
,,,,1.0,1.0,1.0,1.0,2844422
GCF_001646115.1,2247.0,52.5,3.0,0.0,0.0,0.0,0.0,2844427
GCF_001646335.1,2230.0,53.0,3.0,0.0,0.0,0.0,0.0,2844428
GCF_001273685.1,2152.0,52.0,2.0,0.0,0.0,0.0,0.0,2844429
,,,,1.0,1.0,1.0,1.0,2844444
GCF_000928755.1,2288.0,54.0,2.0,0.0,0.0,0.0,0.0,2844445
GCF_000929795.1,2187.0,50.5,2.0,0.0,0.0,0.0,0.0,2844446
GCF_000927875.1,2199.0,53.0,2.0,0.0,0.0,0.0,0.0,2844447
GCF_000927855.1,2290.0,47.5,2.0,0.0,0.0,0.0,0.0,2844476
GCF_003848605.1,2138.0,50.0,2.0,0.0,0.0,0.0,0.0,1983771
GCF_001646535.1,2194.0,53.0,3.0,0.0,0.0,0.0,0.0,2844550
GCF_000930475.1,2229.0,51.0,2.0,0.0,0.0,0.0,0.0,2844555
GCF_000927915.1,2130.0,50.5,2.0,0.0,0.0,0.0,0.0,2844561
GCF_000928815.1,2174.0,52.0,2.0,0.0,0.0,0.0,0.0,2844562
GCF_018589205.1,2189.0,52.0,2.0,0.0,0.0,0.0,0.0,2844570
GCF_018589245.1,2183.0,52.5,2.0,0.0,0.0,0.0,0.0,2844571
GCF_018589115.1,2173.0,51.0,2.0,0.0,0.0,0.0,0.0,2844572
GCF_001646055.1,2136.0,50.5,3.0,0.0,0.0,0.0,0.0,2844603
GCF_018589195.1,2142.0,48.0,2.0,0.0,0.0,0.0,0.0,2844628
GCF_001967675.1,2143.0,49.0,2.0,0.0,0.0,0.0,0.0,2844629
GCF_018589075.1,2216.0,52.0,2.0,0.0,0.0,0.0,0.0,2844630
GCF_018589215.1,2160.0,50.0,2.0,0.0,0.0,0.0,0.0,2844631
GCF_018589065.1,2222.0,52.0,2.0,0.0,0.0,0.0,0.0,2844632
GCF_000928795.1,2122.0,48.5,2.0,0.0,0.0,0.0,0.0,2844644
GCF_018591135.1,2178.0,54.0,2.0,0.0,0.0,0.0,0.0,2202565
,,,,1.0,1.0,1.0,1.0,2707191
,,,,1.0,1.0,1.0,1.0,2707222
,,,,1.0,1.0,1.0,1.0,2809433
,,,,1.0,1.0,1.0,1.0,1170688
,,,,1.0,1.0,1.0,1.0,944993
GCF_002146085.1,7299.0,41.5,3.0,0.0,0.0,0.0,0.0,1349999
GCA_031301795.1,7310.0,42.0,,0.0,0.0,0.0,1.0,2910303
GCA_031242835.1,7183.0,43.5,3.0,0.0,0.0,0.0,0.0,2810457
GCF_000897155.1,43376.0,44.5,35.0,0.0,0.0,0.0,0.0,1193420
GCF_000920715.1,8013.0,54.5,2.0,0.0,0.0,0.0,0.0,1493858
,,,,1.0,1.0,1.0,1.0,3062345
,,,,1.0,1.0,1.0,1.0,3062346
,,,,1.0,1.0,1.0,1.0,3062347
GCA_031250005.1,11479.0,57.5,,0.0,0.0,0.0,1.0,2830620
GCA_031250015.1,11195.0,58.5,,0.0,0.0,0.0,1.0,2830621
,,,,1.0,1.0,1.0,1.0,1649335
,,,,1.0,1.0,1.0,1.0,1391178
,,,,1.0,1.0,1.0,1.0,1221219
GCF_002925555.1,13628.0,37.5,10.0,0.0,0.0,0.0,0.0,1146876
,,,,1.0,1.0,1.0,1.0,2592487
,,,,1.0,1.0,1.0,1.0,2759408
,,,,1.0,1.0,1.0,1.0,2798291
,,,,1.0,1.0,1.0,1.0,2592488
,,,,1.0,1.0,1.0,1.0,2592489
,,,,1.0,1.0,1.0,1.0,2592490
,,,,1.0,1.0,1.0,1.0,2592491
,,,,1.0,1.0,1.0,1.0,2219104
GCF_013087255.1,7073.0,43.5,1.0,0.0,0.0,0.0,0.0,2734535
,,,,1.0,1.0,1.0,1.0,2815045
,,,,1.0,1.0,1.0,1.0,2794490
,,,,1.0,1.0,1.0,1.0,2794511
,,,,1.0,1.0,1.0,1.0,2794512
,,,,1.0,1.0,1.0,1.0,2815037
,,,,1.0,1.0,1.0,1.0,3077354
GCF_003390015.1,7917.0,41.0,1.0,0.0,0.0,0.0,0.0,2734536
GCF_003390035.1,7104.0,42.5,1.0,0.0,0.0,0.0,0.0,2734537
GCF_004995665.1,7862.0,39.5,1.0,0.0,0.0,0.0,0.0,2844787
,,,,1.0,1.0,1.0,1.0,2809444
,,,,1.0,1.0,1.0,1.0,1105348
,,,,1.0,1.0,1.0,1.0,1267906
GCA_031243325.1,8061.0,41.0,,0.0,0.0,0.0,1.0,2817032
,,,,1.0,1.0,1.0,1.0,1306817
,,,,1.0,1.0,1.0,1.0,2605444
GCA_031192995.1,14458.0,42.0,9.0,0.0,0.0,0.0,0.0,2605443
GCA_031189325.1,7699.0,57.5,7.0,0.0,0.0,0.0,0.0,2562547
,,,,1.0,1.0,1.0,1.0,2562548
,,,,1.0,1.0,1.0,1.0,2562549
GCA_003260835.1,2195.0,51.5,3.0,0.0,0.0,0.0,0.0,2218660
,,,,1.0,1.0,1.0,1.0,3127502
,,,,1.0,1.0,1.0,1.0,3127497
,,,,1.0,1.0,1.0,1.0,3127498
,,,,1.0,1.0,1.0,1.0,3127499
,,,,1.0,1.0,1.0,1.0,3127500
,,,,1.0,1.0,1.0,1.0,3127501
GCA_031191135.1,2356.0,53.0,3.0,0.0,0.0,0.0,0.0,2583049
GCA_031191145.1,2220.0,52.5,3.0,0.0,0.0,0.0,0.0,2583050
GCA_031236225.1,2215.0,45.0,3.0,0.0,0.0,0.0,0.0,2781379
,,,,1.0,1.0,1.0,1.0,2781380
,,,,1.0,1.0,1.0,1.0,2781381
,,,,1.0,1.0,1.0,1.0,3047743
GCF_001045285.1,2218.0,49.5,3.0,0.0,0.0,0.0,0.0,2844799
GCF_000891935.1,2383.0,53.5,3.0,0.0,0.0,0.0,0.0,2844800
,,,,1.0,1.0,1.0,1.0,2844802
,,,,1.0,1.0,1.0,1.0,2844803
,,,,1.0,1.0,1.0,1.0,2844804
GCF_004134085.1,2394.0,53.0,4.0,0.0,0.0,0.0,0.0,2844806
GCF_018583945.1,1873.0,54.5,3.0,0.0,0.0,0.0,0.0,2844807
,,,,1.0,1.0,1.0,1.0,2707223
,,,,1.0,1.0,1.0,1.0,2707224
GCF_002815595.1,13038.0,37.0,9.0,0.0,0.0,0.0,0.0,1972612
GCF_002146145.1,13695.0,37.0,11.0,0.0,0.0,0.0,0.0,1972618
GCF_000981755.1,8003.0,42.0,1.0,0.0,0.0,0.0,0.0,2003391
,,,,1.0,1.0,1.0,1.0,228177
,,,,1.0,1.0,1.0,1.0,39725
,,,,1.0,1.0,1.0,1.0,2884278
GCA_031315615.1,9893.0,45.0,,0.0,0.0,0.0,1.0,2952659
GCA_031173525.1,8675.0,46.5,,0.0,0.0,0.0,1.0,2202624
GCF_003033055.1,3248.0,48.5,4.0,0.0,0.0,0.0,0.0,10407
,,,,1.0,1.0,1.0,1.0,291484
,,,,1.0,1.0,1.0,1.0,2715178
GCF_000861965.1,3027.0,45.0,5.0,0.0,0.0,0.0,0.0,28300
,,,,1.0,1.0,1.0,1.0,3116695
,,,,1.0,1.0,1.0,1.0,936150
GCF_000881255.1,11526.0,49.0,3.0,0.0,0.0,0.0,0.0,11024
,,,,1.0,1.0,1.0,1.0,2707225
GCA_031171225.1,26155.0,39.5,10.0,0.0,0.0,0.0,0.0,2078577
GCF_003033445.1,2408.0,42.0,2.0,0.0,0.0,0.0,0.0,2844965
GCF_003033465.1,2459.0,42.5,2.0,0.0,0.0,0.0,0.0,2844966
GCA_031242685.1,2459.0,42.0,,0.0,0.0,0.0,1.0,2809473
GCF_000846685.1,34214.0,51.0,18.0,0.0,0.0,0.0,0.0,130309
,,,,1.0,1.0,1.0,1.0,36381
GCF_008787145.1,152975.0,48.0,79.0,0.0,0.0,0.0,0.0,3050286
GCF_000840765.1,163025.0,61.0,77.0,0.0,0.0,0.0,0.0,3050344
GCF_029884945.1,120899.0,43.5,81.0,0.0,0.0,0.0,0.0,3060048
,,,,1.0,1.0,1.0,1.0,12521
,,,,1.0,1.0,1.0,1.0,39725
,,,,1.0,1.0,1.0,1.0,1923346
,,,,1.0,1.0,1.0,1.0,1923347
,,,,1.0,1.0,1.0,1.0,1923348
,,,,1.0,1.0,1.0,1.0,1923349
GCF_001961255.1,10069.0,43.5,1.0,0.0,0.0,0.0,0.0,1923350
GCF_002008755.1,7949.0,57.0,2.0,0.0,0.0,0.0,0.0,1923351
GCF_002004055.1,4100.0,48.5,3.0,0.0,0.0,0.0,0.0,1938656
,,,,1.0,1.0,1.0,1.0,1923352
,,,,1.0,1.0,1.0,1.0,2956041
,,,,1.0,1.0,1.0,1.0,2707226
,,,,1.0,1.0,1.0,1.0,2282480
,,,,1.0,1.0,1.0,1.0,1272944
,,,,1.0,1.0,1.0,1.0,2576440
,,,,1.0,1.0,1.0,1.0,1964371
,,,,1.0,1.0,1.0,1.0,2707227
,,,,1.0,1.0,1.0,1.0,2707228
GCF_023156525.1,10679.0,36.0,3.0,0.0,0.0,0.0,0.0,2956058
,,,,1.0,1.0,1.0,1.0,2562550
GCA_031189345.1,7763.0,56.5,7.0,0.0,0.0,0.0,0.0,2562551
,,,,1.0,1.0,1.0,1.0,2562552
,,,,1.0,1.0,1.0,1.0,2562553
,,,,1.0,1.0,1.0,1.0,2562554
,,,,1.0,1.0,1.0,1.0,2562555
,,,,1.0,1.0,1.0,1.0,2562556
,,,,1.0,1.0,1.0,1.0,2707229
,,,,1.0,1.0,1.0,1.0,2707230
,,,,1.0,1.0,1.0,1.0,2707231
GCF_002817165.1,7272.0,53.0,1.0,0.0,0.0,0.0,0.0,1755590
,,,,1.0,1.0,1.0,1.0,2707232
,,,,1.0,1.0,1.0,1.0,3052274
,,,,1.0,1.0,1.0,1.0,2794482
,,,,1.0,1.0,1.0,1.0,2707233
,,,,1.0,1.0,1.0,1.0,2928398
,,,,1.0,1.0,1.0,1.0,3153733
,,,,1.0,1.0,1.0,1.0,36362
,,,,1.0,1.0,1.0,1.0,2707234
,,,,1.0,1.0,1.0,1.0,2707235
GCA_031246675.1,10719.0,57.5,,0.0,0.0,0.0,1.0,2824655
GCA_031310635.1,1935.0,49.0,,0.0,0.0,0.0,1.0,2922909
,,,,1.0,1.0,1.0,1.0,2776924
GCA_031232885.1,1708.0,56.0,1.0,0.0,0.0,0.0,0.0,2766951
,,,,1.0,1.0,1.0,1.0,2794554
,,,,1.0,1.0,1.0,1.0,2794483
GCF_004131145.1,8051.0,47.5,1.0,0.0,0.0,0.0,0.0,2734539
,,,,1.0,1.0,1.0,1.0,2707236
,,,,1.0,1.0,1.0,1.0,2815039
,,,,1.0,1.0,1.0,1.0,2815040
,,,,1.0,1.0,1.0,1.0,2794491
,,,,1.0,1.0,1.0,1.0,2794553
,,,,1.0,1.0,1.0,1.0,2794513
,,,,1.0,1.0,1.0,1.0,2815041
,,,,1.0,1.0,1.0,1.0,2794515
,,,,1.0,1.0,1.0,1.0,2794516
,,,,1.0,1.0,1.0,1.0,1955165
GCA_031102365.1,7432.0,53.5,,0.0,0.0,0.0,1.0,11961
GCF_000850325.1,11822.0,44.0,5.0,0.0,0.0,0.0,0.0,90961
GCF_000859625.1,11932.0,45.0,5.0,0.0,0.0,0.0,0.0,11292
,,,,1.0,1.0,1.0,1.0,53454
,,,,1.0,1.0,1.0,1.0,2707238
,,,,1.0,1.0,1.0,1.0,39725
,,,,1.0,1.0,1.0,1.0,2777467
GCF_000894435.1,26689.0,46.5,9.0,0.0,0.0,0.0,0.0,1159903
GCA_031198355.1,293226.0,29.5,352.0,0.0,0.0,0.0,0.0,2670734
GCA_031268825.1,298392.0,29.5,,0.0,0.0,0.0,1.0,2874139
,,,,1.0,1.0,1.0,1.0,2707239
GCA_036760835.1,39041.0,34.5,,0.0,0.0,0.0,1.0,3112667
,,,,1.0,1.0,1.0,1.0,3112676
,,,,1.0,1.0,1.0,1.0,3112677
,,,,1.0,1.0,1.0,1.0,3112678
,,,,1.0,1.0,1.0,1.0,3112679
,,,,1.0,1.0,1.0,1.0,3112680
,,,,1.0,1.0,1.0,1.0,3112681
,,,,1.0,1.0,1.0,1.0,3112682
,,,,1.0,1.0,1.0,1.0,3112683
,,,,1.0,1.0,1.0,1.0,3112684
,,,,1.0,1.0,1.0,1.0,3112685
,,,,1.0,1.0,1.0,1.0,3112686
,,,,1.0,1.0,1.0,1.0,3112687
,,,,1.0,1.0,1.0,1.0,3112688
,,,,1.0,1.0,1.0,1.0,3112689
,,,,1.0,1.0,1.0,1.0,3112690
,,,,1.0,1.0,1.0,1.0,3112691
,,,,1.0,1.0,1.0,1.0,3112675
,,,,1.0,1.0,1.0,1.0,3138814
GCF_000885795.1,158091.0,45.0,77.0,0.0,0.0,0.0,0.0,3049524
GCF_002116095.1,204237.0,61.5,130.0,0.0,0.0,0.0,0.0,3050267
GCF_000846265.1,177874.0,44.0,87.0,0.0,0.0,0.0,0.0,3050287
GCF_008792185.1,165994.0,53.5,124.0,0.0,0.0,0.0,0.0,3050288
GCF_000839725.1,159160.0,47.5,79.0,0.0,0.0,0.0,0.0,3050320
GCF_001974335.1,164540.0,45.5,86.0,0.0,0.0,0.0,0.0,3048326
,,,,1.0,1.0,1.0,1.0,2707240
,,,,1.0,1.0,1.0,1.0,2651593
,,,,1.0,1.0,1.0,1.0,2707241
GCF_000863385.1,11411.0,50.5,4.0,0.0,0.0,0.0,0.0,59301
,,,,1.0,1.0,1.0,1.0,2776959
GCF_002008395.1,10101.0,46.0,1.0,0.0,0.0,0.0,0.0,2170004
GCF_003028975.1,9101.0,47.5,1.0,0.0,0.0,0.0,0.0,2170005
GCF_003029035.1,9560.0,45.0,1.0,0.0,0.0,0.0,0.0,2170006
GCF_002184175.1,8541.0,45.5,1.0,0.0,0.0,0.0,0.0,2170007
GCF_003029615.1,9702.0,43.0,1.0,0.0,0.0,0.0,0.0,2170008
GCA_031242715.1,9184.0,47.5,,0.0,0.0,0.0,1.0,2809560
,,,,1.0,1.0,1.0,1.0,3116726
,,,,1.0,1.0,1.0,1.0,2982300
GCF_000917935.1,9739.0,45.5,1.0,0.0,0.0,0.0,0.0,1330070
,,,,1.0,1.0,1.0,1.0,2707242
GCF_002815215.1,15342.0,41.5,6.0,0.0,0.0,0.0,0.0,3051374
GCF_002080355.1,15456.0,42.0,6.0,0.0,0.0,0.0,0.0,2560309
GCF_000924755.1,17412.0,39.0,7.0,0.0,0.0,0.0,0.0,3051365
GCF_002815195.1,16236.0,46.5,7.0,0.0,0.0,0.0,0.0,3051372
GCF_003032665.1,15444.0,43.5,6.0,0.0,0.0,0.0,0.0,3051366
GCF_004130815.1,15954.0,40.0,6.0,0.0,0.0,0.0,0.0,3051369
GCF_000924655.1,17262.0,40.0,6.0,0.0,0.0,0.0,0.0,3051371
GCF_002197575.1,14964.0,40.5,6.0,0.0,0.0,0.0,0.0,3051367
,,,,1.0,1.0,1.0,1.0,2809562
,,,,1.0,1.0,1.0,1.0,3051370
GCF_000926535.1,15480.0,39.0,6.0,0.0,0.0,0.0,0.0,3051373
GCF_002989675.1,14904.0,47.0,6.0,0.0,0.0,0.0,0.0,3051368
,,,,1.0,1.0,1.0,1.0,3047384
GCF_000921735.1,11550.0,53.0,2.0,0.0,0.0,0.0,0.0,11023
,,,,1.0,1.0,1.0,1.0,2794340
GCA_031246695.1,10866.0,57.0,,0.0,0.0,0.0,1.0,2824656
,,,,1.0,1.0,1.0,1.0,3052342
GCF_000918135.1,8398.0,45.5,1.0,0.0,0.0,0.0,0.0,1481452
,,,,1.0,1.0,1.0,1.0,2815043
,,,,1.0,1.0,1.0,1.0,2815002
,,,,1.0,1.0,1.0,1.0,2794517
,,,,1.0,1.0,1.0,1.0,2794518
,,,,1.0,1.0,1.0,1.0,2707244
GCA_031242895.1,342723.0,30.0,,0.0,0.0,0.0,1.0,2811215
GCF_000880835.1,26552.0,42.5,9.0,0.0,0.0,0.0,0.0,1297661
,,,,1.0,1.0,1.0,1.0,1146873
,,,,1.0,1.0,1.0,1.0,2815046
,,,,1.0,1.0,1.0,1.0,3104762
,,,,1.0,1.0,1.0,1.0,2832253
,,,,1.0,1.0,1.0,1.0,2832254
,,,,1.0,1.0,1.0,1.0,2832255
,,,,1.0,1.0,1.0,1.0,2832257
,,,,1.0,1.0,1.0,1.0,2832256
,,,,1.0,1.0,1.0,1.0,2832239
,,,,1.0,1.0,1.0,1.0,2832240
,,,,1.0,1.0,1.0,1.0,2832241
,,,,1.0,1.0,1.0,1.0,2832242
,,,,1.0,1.0,1.0,1.0,2832243
,,,,1.0,1.0,1.0,1.0,2832244
,,,,1.0,1.0,1.0,1.0,2832259
,,,,1.0,1.0,1.0,1.0,2832260
,,,,1.0,1.0,1.0,1.0,2832261
,,,,1.0,1.0,1.0,1.0,2832262
,,,,1.0,1.0,1.0,1.0,2832263
,,,,1.0,1.0,1.0,1.0,2832264
,,,,1.0,1.0,1.0,1.0,2832265
,,,,1.0,1.0,1.0,1.0,2832266
,,,,1.0,1.0,1.0,1.0,2832267
,,,,1.0,1.0,1.0,1.0,2832268
,,,,1.0,1.0,1.0,1.0,2832269
,,,,1.0,1.0,1.0,1.0,2832270
,,,,1.0,1.0,1.0,1.0,2832271
,,,,1.0,1.0,1.0,1.0,2832272
,,,,1.0,1.0,1.0,1.0,2832273
,,,,1.0,1.0,1.0,1.0,2832274
,,,,1.0,1.0,1.0,1.0,2832275
,,,,1.0,1.0,1.0,1.0,2832252
,,,,1.0,1.0,1.0,1.0,2832251
,,,,1.0,1.0,1.0,1.0,2832211
,,,,1.0,1.0,1.0,1.0,2832212
,,,,1.0,1.0,1.0,1.0,2832213
,,,,1.0,1.0,1.0,1.0,2832214
,,,,1.0,1.0,1.0,1.0,2832173
,,,,1.0,1.0,1.0,1.0,2832174
,,,,1.0,1.0,1.0,1.0,2832175
,,,,1.0,1.0,1.0,1.0,2832176
,,,,1.0,1.0,1.0,1.0,2832177
,,,,1.0,1.0,1.0,1.0,2832178
,,,,1.0,1.0,1.0,1.0,2832179
,,,,1.0,1.0,1.0,1.0,2832180
,,,,1.0,1.0,1.0,1.0,2832181
,,,,1.0,1.0,1.0,1.0,2832152
,,,,1.0,1.0,1.0,1.0,2832153
,,,,1.0,1.0,1.0,1.0,2832154
,,,,1.0,1.0,1.0,1.0,2832155
,,,,1.0,1.0,1.0,1.0,2832156
,,,,1.0,1.0,1.0,1.0,2832157
,,,,1.0,1.0,1.0,1.0,2832158
,,,,1.0,1.0,1.0,1.0,2832159
,,,,1.0,1.0,1.0,1.0,2832160
,,,,1.0,1.0,1.0,1.0,2832161
,,,,1.0,1.0,1.0,1.0,2832162
,,,,1.0,1.0,1.0,1.0,2832163
,,,,1.0,1.0,1.0,1.0,2832164
,,,,1.0,1.0,1.0,1.0,2832165
,,,,1.0,1.0,1.0,1.0,2832166
,,,,1.0,1.0,1.0,1.0,2832167
,,,,1.0,1.0,1.0,1.0,2832168
,,,,1.0,1.0,1.0,1.0,2832169
,,,,1.0,1.0,1.0,1.0,2832170
,,,,1.0,1.0,1.0,1.0,2832171
,,,,1.0,1.0,1.0,1.0,2832172
,,,,1.0,1.0,1.0,1.0,2832182
,,,,1.0,1.0,1.0,1.0,2832183
,,,,1.0,1.0,1.0,1.0,2832184
,,,,1.0,1.0,1.0,1.0,2832185
,,,,1.0,1.0,1.0,1.0,2832186
,,,,1.0,1.0,1.0,1.0,2832187
,,,,1.0,1.0,1.0,1.0,2832188
,,,,1.0,1.0,1.0,1.0,2832189
,,,,1.0,1.0,1.0,1.0,2832190
,,,,1.0,1.0,1.0,1.0,2832191
,,,,1.0,1.0,1.0,1.0,2832192
,,,,1.0,1.0,1.0,1.0,2832193
,,,,1.0,1.0,1.0,1.0,2832194
,,,,1.0,1.0,1.0,1.0,2832195
,,,,1.0,1.0,1.0,1.0,2832196
,,,,1.0,1.0,1.0,1.0,2832197
,,,,1.0,1.0,1.0,1.0,2832198
,,,,1.0,1.0,1.0,1.0,2832199
,,,,1.0,1.0,1.0,1.0,2832200
,,,,1.0,1.0,1.0,1.0,2832201
,,,,1.0,1.0,1.0,1.0,2832202
,,,,1.0,1.0,1.0,1.0,2832203
,,,,1.0,1.0,1.0,1.0,2832204
,,,,1.0,1.0,1.0,1.0,2832205
,,,,1.0,1.0,1.0,1.0,2832206
,,,,1.0,1.0,1.0,1.0,2832207
,,,,1.0,1.0,1.0,1.0,2832208
,,,,1.0,1.0,1.0,1.0,2832209
,,,,1.0,1.0,1.0,1.0,2832210
,,,,1.0,1.0,1.0,1.0,2832245
,,,,1.0,1.0,1.0,1.0,2832246
,,,,1.0,1.0,1.0,1.0,2832247
,,,,1.0,1.0,1.0,1.0,2832222
,,,,1.0,1.0,1.0,1.0,2832223
,,,,1.0,1.0,1.0,1.0,2832224
,,,,1.0,1.0,1.0,1.0,2880954
,,,,1.0,1.0,1.0,1.0,2880955
,,,,1.0,1.0,1.0,1.0,2880956
,,,,1.0,1.0,1.0,1.0,2880957
,,,,1.0,1.0,1.0,1.0,2880958
,,,,1.0,1.0,1.0,1.0,39725
GCF_004786995.1,7656.0,50.0,2.0,0.0,0.0,0.0,0.0,2560612
,,,,1.0,1.0,1.0,1.0,2815047
,,,,1.0,1.0,1.0,1.0,2794493
,,,,1.0,1.0,1.0,1.0,2794519
GCF_023131745.1,1970.0,34.0,2.0,0.0,0.0,0.0,0.0,2956213
,,,,1.0,1.0,1.0,1.0,1272950
,,,,1.0,1.0,1.0,1.0,2734342
,,,,1.0,1.0,1.0,1.0,2086357
,,,,1.0,1.0,1.0,1.0,2086349
,,,,1.0,1.0,1.0,1.0,2776965
,,,,1.0,1.0,1.0,1.0,2776960
GCF_000896035.1,26077.0,38.0,8.0,0.0,0.0,0.0,0.0,1159904
GCA_030027915.1,3205.0,51.5,,0.0,0.0,0.0,1.0,1955166
,,,,1.0,1.0,1.0,1.0,2707245
,,,,1.0,1.0,1.0,1.0,11983
GCF_000882955.1,11631.0,52.5,6.0,0.0,0.0,0.0,0.0,644610
GCF_018587265.1,13295.0,51.5,7.0,0.0,0.0,0.0,0.0,2845026
GCF_023131265.1,12659.0,48.0,8.0,0.0,0.0,0.0,0.0,2956231
,,,,1.0,1.0,1.0,1.0,2707246
,,,,1.0,1.0,1.0,1.0,2707247
,,,,1.0,1.0,1.0,1.0,2737701
,,,,1.0,1.0,1.0,1.0,3051319
,,,,1.0,1.0,1.0,1.0,2862777
GCF_000926835.1,7037.0,50.0,1.0,0.0,0.0,0.0,0.0,2170052
GCF_003032685.1,14926.0,46.0,6.0,0.0,0.0,0.0,0.0,3051379
GCF_000927075.1,15312.0,45.0,6.0,0.0,0.0,0.0,0.0,3051376
GCF_001654405.1,16146.0,42.5,6.0,0.0,0.0,0.0,0.0,3051377
GCF_002834085.1,15192.0,47.0,6.0,0.0,0.0,0.0,0.0,3051375
GCF_003032695.1,14931.0,50.0,6.0,0.0,0.0,0.0,0.0,3051380
,,,,1.0,1.0,1.0,1.0,3051382
GCF_000926655.1,15438.0,44.5,6.0,0.0,0.0,0.0,0.0,3051383
GCF_003032705.1,15017.0,50.0,6.0,0.0,0.0,0.0,0.0,3051381
,,,,1.0,1.0,1.0,1.0,2809629
GCF_003032675.1,15180.0,44.5,6.0,0.0,0.0,0.0,0.0,3051378
GCF_002815075.1,8902.0,42.5,6.0,0.0,0.0,0.0,0.0,1548713
GCF_001589995.2,8904.0,41.0,6.0,0.0,0.0,0.0,0.0,1548722
GCF_002815095.1,8973.0,43.0,6.0,0.0,0.0,0.0,0.0,1884878
,,,,1.0,1.0,1.0,1.0,1714619
GCF_002815055.1,5572.0,43.0,6.0,0.0,0.0,0.0,0.0,1548721
GCF_001305565.3,8930.0,41.0,6.0,0.0,0.0,0.0,0.0,1548720
GCF_029887365.1,12557.0,36.5,3.0,0.0,0.0,0.0,0.0,3060464
,,,,1.0,1.0,1.0,1.0,3052371
GCF_029887665.1,12447.0,36.5,3.0,0.0,0.0,0.0,0.0,3052372
GCF_029888205.1,12536.0,36.0,3.0,0.0,0.0,0.0,0.0,3060467
,,,,1.0,1.0,1.0,1.0,3052381
,,,,1.0,1.0,1.0,1.0,3052393
GCF_004789635.1,12388.0,36.5,3.0,0.0,0.0,0.0,0.0,3052400
,,,,1.0,1.0,1.0,1.0,3052416
GCF_009731935.1,12220.0,36.5,3.0,0.0,0.0,0.0,0.0,3052419
GCF_004789655.1,12332.0,36.0,3.0,0.0,0.0,0.0,0.0,3052421
GCF_018594955.1,12532.0,36.0,4.0,0.0,0.0,0.0,0.0,3052438
GCF_002814395.1,12187.0,37.0,3.0,0.0,0.0,0.0,0.0,3052448
GCF_006297945.1,12418.0,36.5,4.0,0.0,0.0,0.0,0.0,3052449
,,,,1.0,1.0,1.0,1.0,3047385
GCF_000954535.1,10284.0,49.5,1.0,0.0,0.0,0.0,0.0,3052463
,,,,1.0,1.0,1.0,1.0,3052465
,,,,1.0,1.0,1.0,1.0,3048154
,,,,1.0,1.0,1.0,1.0,3048158
,,,,1.0,1.0,1.0,1.0,3052468
,,,,1.0,1.0,1.0,1.0,3048184
,,,,1.0,1.0,1.0,1.0,3048448
,,,,1.0,1.0,1.0,1.0,3048287
,,,,1.0,1.0,1.0,1.0,3048314
GCF_000894755.1,10990.0,49.0,1.0,0.0,0.0,0.0,0.0,3048360
,,,,1.0,1.0,1.0,1.0,3048443
,,,,1.0,1.0,1.0,1.0,3048447
GCF_014883235.1,18596.0,42.5,3.0,0.0,0.0,0.0,0.0,2843617
GCF_014883245.1,18416.0,41.5,3.0,0.0,0.0,0.0,0.0,2843618
,,,,1.0,1.0,1.0,1.0,3052510
GCF_004128175.1,18977.0,41.5,3.0,0.0,0.0,0.0,0.0,3052539
,,,,1.0,1.0,1.0,1.0,2558258
GCF_000887535.1,7641.0,47.0,1.0,0.0,0.0,0.0,0.0,1511781
,,,,1.0,1.0,1.0,1.0,2707248
,,,,1.0,1.0,1.0,1.0,524890
,,,,1.0,1.0,1.0,1.0,2699166
,,,,1.0,1.0,1.0,1.0,2815048
,,,,1.0,1.0,1.0,1.0,2794520
,,,,1.0,1.0,1.0,1.0,2707249
GCA_031258635.1,40551.0,49.0,28.0,0.0,0.0,0.0,0.0,2853431
,,,,1.0,1.0,1.0,1.0,2728828
,,,,1.0,1.0,1.0,1.0,2759412
,,,,1.0,1.0,1.0,1.0,2759417
,,,,1.0,1.0,1.0,1.0,2759419
,,,,1.0,1.0,1.0,1.0,2798286
,,,,1.0,1.0,1.0,1.0,2759420
,,,,1.0,1.0,1.0,1.0,2798287
,,,,1.0,1.0,1.0,1.0,2798288
,,,,1.0,1.0,1.0,1.0,2759406
GCF_029885275.1,4323.0,39.0,4.0,0.0,0.0,0.0,0.0,2759407
,,,,1.0,1.0,1.0,1.0,2592492
,,,,1.0,1.0,1.0,1.0,2798289
,,,,1.0,1.0,1.0,1.0,2759415
,,,,1.0,1.0,1.0,1.0,2707250
,,,,1.0,1.0,1.0,1.0,3116978
,,,,1.0,1.0,1.0,1.0,3116987
GCF_002815175.1,15054.0,47.0,6.0,0.0,0.0,0.0,0.0,3052593
GCF_000927055.1,16182.0,42.0,6.0,0.0,0.0,0.0,0.0,3052594
,,,,1.0,1.0,1.0,1.0,3138953
,,,,1.0,1.0,1.0,1.0,1803957
,,,,1.0,1.0,1.0,1.0,2734546
,,,,1.0,1.0,1.0,1.0,352849
GCF_000895735.1,3048.0,41.5,5.0,0.0,0.0,0.0,0.0,1128118
GCA_031323215.1,3505.0,48.5,,0.0,0.0,0.0,1.0,1955170
,,,,1.0,1.0,1.0,1.0,2794521
GCF_003389895.1,4305.0,38.0,2.0,0.0,0.0,0.0,0.0,1940570
,,,,1.0,1.0,1.0,1.0,1216504
,,,,1.0,1.0,1.0,1.0,2712699
GCF_000910875.1,3780.0,46.0,3.0,0.0,0.0,0.0,0.0,1341019
,,,,1.0,1.0,1.0,1.0,746112
,,,,1.0,1.0,1.0,1.0,746113
,,,,1.0,1.0,1.0,1.0,984274
,,,,1.0,1.0,1.0,1.0,984275
,,,,1.0,1.0,1.0,1.0,984276
,,,,1.0,1.0,1.0,1.0,984277
,,,,1.0,1.0,1.0,1.0,984278
,,,,1.0,1.0,1.0,1.0,984279
,,,,1.0,1.0,1.0,1.0,984280
,,,,1.0,1.0,1.0,1.0,984281
,,,,1.0,1.0,1.0,1.0,984282
,,,,1.0,1.0,1.0,1.0,3117034
,,,,1.0,1.0,1.0,1.0,3117036
,,,,1.0,1.0,1.0,1.0,3117037
,,,,1.0,1.0,1.0,1.0,3117038
,,,,1.0,1.0,1.0,1.0,3117039
,,,,1.0,1.0,1.0,1.0,3117064
,,,,1.0,1.0,1.0,1.0,3117070
,,,,1.0,1.0,1.0,1.0,3117078
,,,,1.0,1.0,1.0,1.0,3117079
,,,,1.0,1.0,1.0,1.0,3117080
,,,,1.0,1.0,1.0,1.0,3117081
,,,,1.0,1.0,1.0,1.0,3117098
,,,,1.0,1.0,1.0,1.0,3117099
,,,,1.0,1.0,1.0,1.0,3117100
,,,,1.0,1.0,1.0,1.0,3117115
,,,,1.0,1.0,1.0,1.0,3117116
,,,,1.0,1.0,1.0,1.0,3117117
,,,,1.0,1.0,1.0,1.0,3117118
,,,,1.0,1.0,1.0,1.0,3117119
,,,,1.0,1.0,1.0,1.0,3117121
,,,,1.0,1.0,1.0,1.0,3117122
,,,,1.0,1.0,1.0,1.0,3117160
,,,,1.0,1.0,1.0,1.0,995017
,,,,1.0,1.0,1.0,1.0,3117175
,,,,1.0,1.0,1.0,1.0,3117178
,,,,1.0,1.0,1.0,1.0,3117179
,,,,1.0,1.0,1.0,1.0,3117180
,,,,1.0,1.0,1.0,1.0,3117181
,,,,1.0,1.0,1.0,1.0,3117182
,,,,1.0,1.0,1.0,1.0,3117183
,,,,1.0,1.0,1.0,1.0,3117184
,,,,1.0,1.0,1.0,1.0,3117185
,,,,1.0,1.0,1.0,1.0,3117205
,,,,1.0,1.0,1.0,1.0,3117206
,,,,1.0,1.0,1.0,1.0,3117207
,,,,1.0,1.0,1.0,1.0,3117208
,,,,1.0,1.0,1.0,1.0,3117216
,,,,1.0,1.0,1.0,1.0,3117217
,,,,1.0,1.0,1.0,1.0,3117225
,,,,1.0,1.0,1.0,1.0,3117226
GCF_023120345.1,6660.0,51.5,3.0,0.0,0.0,0.0,0.0,1678143
,,,,1.0,1.0,1.0,1.0,2928399
,,,,1.0,1.0,1.0,1.0,2794522
GCA_031246775.1,10916.0,57.5,,0.0,0.0,0.0,1.0,2824657
,,,,1.0,1.0,1.0,1.0,199702
GCA_031236175.1,39644.0,53.5,,0.0,0.0,0.0,1.0,2779174
GCA_031190705.1,6745.0,47.5,3.0,0.0,0.0,0.0,0.0,2576226
GCA_031190715.1,6864.0,43.5,3.0,0.0,0.0,0.0,0.0,2576227
GCA_031190725.1,6628.0,42.0,3.0,0.0,0.0,0.0,0.0,2576228
GCA_031190735.1,6870.0,42.0,3.0,0.0,0.0,0.0,0.0,2576229
GCF_000890055.1,8035.0,58.0,1.0,0.0,0.0,0.0,0.0,1511803
,,,,1.0,1.0,1.0,1.0,2815049
,,,,1.0,1.0,1.0,1.0,2794523
,,,,1.0,1.0,1.0,1.0,2794524
,,,,1.0,1.0,1.0,1.0,2777469
,,,,1.0,1.0,1.0,1.0,1615847
,,,,1.0,1.0,1.0,1.0,1770252
GCF_001646375.1,24662.0,35.5,22.0,0.0,0.0,0.0,0.0,2005055
GCF_000923135.1,306862.0,29.5,284.0,0.0,0.0,0.0,0.0,648998
GCA_031242905.1,349821.0,30.0,,0.0,0.0,0.0,1.0,2811223
,,,,1.0,1.0,1.0,1.0,2815050
,,,,1.0,1.0,1.0,1.0,2815004
,,,,1.0,1.0,1.0,1.0,2794548
,,,,1.0,1.0,1.0,1.0,2794527
,,,,1.0,1.0,1.0,1.0,2565399
,,,,1.0,1.0,1.0,1.0,2565391
,,,,1.0,1.0,1.0,1.0,2565395
,,,,1.0,1.0,1.0,1.0,2707251
,,,,1.0,1.0,1.0,1.0,1766560
,,,,1.0,1.0,1.0,1.0,1766561
,,,,1.0,1.0,1.0,1.0,1766562
,,,,1.0,1.0,1.0,1.0,1766563
,,,,1.0,1.0,1.0,1.0,1766564
,,,,1.0,1.0,1.0,1.0,1766566
,,,,1.0,1.0,1.0,1.0,1766567
,,,,1.0,1.0,1.0,1.0,2108520
GCF_018642085.1,150892.0,39.0,280.0,0.0,0.0,0.0,0.0,2956303
,,,,1.0,1.0,1.0,1.0,1098913
,,,,1.0,1.0,1.0,1.0,2944714
GCA_031310715.1,2353.0,51.5,,0.0,0.0,0.0,1.0,2926920
,,,,1.0,1.0,1.0,1.0,2734439
,,,,1.0,1.0,1.0,1.0,3052686
,,,,1.0,1.0,1.0,1.0,1643444
,,,,1.0,1.0,1.0,1.0,2815051
,,,,1.0,1.0,1.0,1.0,2794528
,,,,1.0,1.0,1.0,1.0,2794529
,,,,1.0,1.0,1.0,1.0,2815052
,,,,1.0,1.0,1.0,1.0,2794530
,,,,1.0,1.0,1.0,1.0,2815053
,,,,1.0,1.0,1.0,1.0,2794531
,,,,1.0,1.0,1.0,1.0,2815054
,,,,1.0,1.0,1.0,1.0,2794549
,,,,1.0,1.0,1.0,1.0,2794534
,,,,1.0,1.0,1.0,1.0,2794539
,,,,1.0,1.0,1.0,1.0,2794563
,,,,1.0,1.0,1.0,1.0,2794566
,,,,1.0,1.0,1.0,1.0,2794550
,,,,1.0,1.0,1.0,1.0,2794532
,,,,1.0,1.0,1.0,1.0,2794533
,,,,1.0,1.0,1.0,1.0,2815055
,,,,1.0,1.0,1.0,1.0,2857096
,,,,1.0,1.0,1.0,1.0,1497566
,,,,1.0,1.0,1.0,1.0,1566334
GCF_004117395.1,4297.0,40.5,4.0,0.0,0.0,0.0,0.0,1907787
,,,,1.0,1.0,1.0,1.0,1353791
,,,,1.0,1.0,1.0,1.0,1353792
GCF_013086155.1,8422.0,45.5,1.0,0.0,0.0,0.0,0.0,1955153
GCF_003389975.1,7443.0,42.0,1.0,0.0,0.0,0.0,0.0,1530251
,,,,1.0,1.0,1.0,1.0,990662
,,,,1.0,1.0,1.0,1.0,990663
,,,,1.0,1.0,1.0,1.0,990664
,,,,1.0,1.0,1.0,1.0,990665
,,,,1.0,1.0,1.0,1.0,990666
,,,,1.0,1.0,1.0,1.0,990667
,,,,1.0,1.0,1.0,1.0,990668
,,,,1.0,1.0,1.0,1.0,990669
,,,,1.0,1.0,1.0,1.0,990670
,,,,1.0,1.0,1.0,1.0,10535
GCA_006436595.1,31314.0,49.0,,0.0,0.0,0.0,1.0,1924072
,,,,1.0,1.0,1.0,1.0,1891777
,,,,1.0,1.0,1.0,1.0,1891778
,,,,1.0,1.0,1.0,1.0,1891779
,,,,1.0,1.0,1.0,1.0,1891780
,,,,1.0,1.0,1.0,1.0,2162686
,,,,1.0,1.0,1.0,1.0,3079711
GCF_000921315.1,45480.0,64.0,37.0,0.0,0.0,0.0,0.0,1548417
GCF_001831345.1,41981.0,48.5,35.0,0.0,0.0,0.0,0.0,2169708
GCA_031171245.1,26155.0,39.5,10.0,0.0,0.0,0.0,0.0,2078583
GCA_031232875.1,2573.0,54.0,2.0,0.0,0.0,0.0,0.0,2766787
GCF_018580195.1,5492.0,52.0,4.0,0.0,0.0,0.0,0.0,1399967
,,,,1.0,1.0,1.0,1.0,928290
GCF_000892795.1,7801.0,46.0,1.0,0.0,0.0,0.0,0.0,928289
,,,,1.0,1.0,1.0,1.0,1649336
GCF_000922075.1,282356.0,29.5,271.0,0.0,0.0,0.0,0.0,10264
GCF_029884085.1,5368.0,44.0,3.0,0.0,0.0,0.0,0.0,2137544
,,,,1.0,1.0,1.0,1.0,2880959
GCF_018583705.1,7601.0,49.0,1.0,0.0,0.0,0.0,0.0,2575832
,,,,1.0,1.0,1.0,1.0,2592511
,,,,1.0,1.0,1.0,1.0,2592509
,,,,1.0,1.0,1.0,1.0,2592510
,,,,1.0,1.0,1.0,1.0,2592493
,,,,1.0,1.0,1.0,1.0,2592517
,,,,1.0,1.0,1.0,1.0,2592518
,,,,1.0,1.0,1.0,1.0,461346
,,,,1.0,1.0,1.0,1.0,2115843
GCF_003085835.1,7653.0,43.5,1.0,0.0,0.0,0.0,0.0,2560644
,,,,1.0,1.0,1.0,1.0,1871149
,,,,1.0,1.0,1.0,1.0,1871150
,,,,1.0,1.0,1.0,1.0,1871151
,,,,1.0,1.0,1.0,1.0,1871152
,,,,1.0,1.0,1.0,1.0,2759496
,,,,1.0,1.0,1.0,1.0,2876998
,,,,1.0,1.0,1.0,1.0,3117230
,,,,1.0,1.0,1.0,1.0,3117231
,,,,1.0,1.0,1.0,1.0,3117261
,,,,1.0,1.0,1.0,1.0,3117269
,,,,1.0,1.0,1.0,1.0,3117270
,,,,1.0,1.0,1.0,1.0,3117274
,,,,1.0,1.0,1.0,1.0,3117276
,,,,1.0,1.0,1.0,1.0,3117279
,,,,1.0,1.0,1.0,1.0,3117280
,,,,1.0,1.0,1.0,1.0,3117282
,,,,1.0,1.0,1.0,1.0,3117287
GCF_000848685.1,28033.0,42.0,6.0,0.0,0.0,0.0,0.0,28295
GCF_018587855.1,2546.0,48.0,2.0,0.0,0.0,0.0,0.0,2845875
GCF_018589255.1,2534.0,49.0,2.0,0.0,0.0,0.0,0.0,2845885
GCF_018589375.1,2528.0,50.0,2.0,0.0,0.0,0.0,0.0,2845886
GCF_018589325.1,2532.0,49.0,2.0,0.0,0.0,0.0,0.0,2845887
GCF_018589385.1,2419.0,52.5,2.0,0.0,0.0,0.0,0.0,2845888
GCF_018589355.1,2442.0,50.0,2.0,0.0,0.0,0.0,0.0,2845889
GCF_018589365.1,2608.0,47.0,2.0,0.0,0.0,0.0,0.0,2845890
GCF_000918075.1,2479.0,52.0,2.0,0.0,0.0,0.0,0.0,2845936
,,,,1.0,1.0,1.0,1.0,2707253
,,,,1.0,1.0,1.0,1.0,1566336
,,,,1.0,1.0,1.0,1.0,1711931
,,,,1.0,1.0,1.0,1.0,1711932
GCA_031166105.1,5046.0,47.0,,0.0,0.0,0.0,1.0,1987106
,,,,1.0,1.0,1.0,1.0,2815056
,,,,1.0,1.0,1.0,1.0,2814991
,,,,1.0,1.0,1.0,1.0,3042376
,,,,1.0,1.0,1.0,1.0,240876
,,,,1.0,1.0,1.0,1.0,2815057
,,,,1.0,1.0,1.0,1.0,2794494
,,,,1.0,1.0,1.0,1.0,2794556
,,,,1.0,1.0,1.0,1.0,2794570
,,,,1.0,1.0,1.0,1.0,2794535
,,,,1.0,1.0,1.0,1.0,2794536
,,,,1.0,1.0,1.0,1.0,3042447
GCA_031311285.1,4277.0,43.0,,0.0,0.0,0.0,1.0,2928890
,,,,1.0,1.0,1.0,1.0,3090915
,,,,1.0,1.0,1.0,1.0,3090916
,,,,1.0,1.0,1.0,1.0,3090917
,,,,1.0,1.0,1.0,1.0,3042448
,,,,1.0,1.0,1.0,1.0,3134257
GCA_020842125.1,25616.0,37.0,,0.0,0.0,0.0,1.0,1301246
GCF_000929035.1,31735.0,53.5,29.0,0.0,0.0,0.0,0.0,2003673
GCF_003032855.1,40930.0,52.0,42.0,0.0,0.0,0.0,0.0,2169709
GCF_006425375.1,38694.0,51.5,55.0,0.0,0.0,0.0,0.0,2734577
GCA_031308385.1,4312.0,41.5,,0.0,0.0,0.0,1.0,2917163
,,,,1.0,1.0,1.0,1.0,489824
,,,,1.0,1.0,1.0,1.0,3042449
GCA_031201985.1,27162.0,37.0,,0.0,0.0,0.0,1.0,2737672
GCF_018586905.1,27163.0,37.0,21.0,0.0,0.0,0.0,0.0,2845976
GCF_018584825.1,27209.0,37.5,24.0,0.0,0.0,0.0,0.0,2845977
GCA_031268895.1,25392.0,37.0,,0.0,0.0,0.0,1.0,2874383
,,,,1.0,1.0,1.0,1.0,2707254
GCA_031189375.1,7703.0,56.5,7.0,0.0,0.0,0.0,0.0,2562557
,,,,1.0,1.0,1.0,1.0,39725
,,,,1.0,1.0,1.0,1.0,2846013
,,,,1.0,1.0,1.0,1.0,431320
GCA_031171235.1,25874.0,42.5,9.0,0.0,0.0,0.0,0.0,2078581
GCA_031174035.1,25881.0,42.0,,0.0,0.0,0.0,1.0,2249315
GCF_000895635.1,8159.0,45.5,1.0,0.0,0.0,0.0,0.0,1089138
GCF_002829285.1,581.0,33.5,1.0,0.0,0.0,0.0,0.0,400570
GCA_031123885.1,10891.0,52.0,,0.0,0.0,0.0,1.0,643132
GCF_016848445.1,11987.0,46.5,7.0,0.0,0.0,0.0,0.0,2956349
GCF_000927955.1,11958.0,43.5,7.0,0.0,0.0,0.0,0.0,2956351
GCA_031199605.1,7052.0,36.0,,0.0,0.0,0.0,1.0,2711208
,,,,1.0,1.0,1.0,1.0,2217650
,,,,1.0,1.0,1.0,1.0,2707255
,,,,1.0,1.0,1.0,1.0,2963835
GCF_000893535.1,26284.0,38.5,23.0,0.0,0.0,0.0,0.0,691961
,,,,1.0,1.0,1.0,1.0,2862952
,,,,1.0,1.0,1.0,1.0,2592494
,,,,1.0,1.0,1.0,1.0,39725
,,,,1.0,1.0,1.0,1.0,2592520
,,,,1.0,1.0,1.0,1.0,2592512
,,,,1.0,1.0,1.0,1.0,2592516
GCA_031191825.1,4297.0,43.5,,0.0,0.0,0.0,1.0,2585267
,,,,1.0,1.0,1.0,1.0,10891
GCF_000858025.1,8295.0,52.5,3.0,0.0,0.0,0.0,0.0,11636
,,,,1.0,1.0,1.0,1.0,2681591
GCF_029886045.1,12485.0,41.5,6.0,0.0,0.0,0.0,0.0,1955137
,,,,1.0,1.0,1.0,1.0,2585031
,,,,1.0,1.0,1.0,1.0,2707256
,,,,1.0,1.0,1.0,1.0,2962496
GCF_002889255.1,11948.0,51.0,2.0,0.0,0.0,0.0,0.0,11029
,,,,1.0,1.0,1.0,1.0,2707258
GCF_000880735.1,18562.0,33.5,12.0,0.0,0.0,0.0,0.0,28875
GCF_000890155.1,18500.0,33.0,12.0,0.0,0.0,0.0,0.0,335100
GCF_000910335.1,18341.0,34.5,11.0,0.0,0.0,0.0,0.0,183405
GCF_001343825.1,18186.0,35.0,12.0,0.0,0.0,0.0,0.0,183407
,,,,1.0,1.0,1.0,1.0,10970
,,,,1.0,1.0,1.0,1.0,661052
,,,,1.0,1.0,1.0,1.0,661053
,,,,1.0,1.0,1.0,1.0,661054
,,,,1.0,1.0,1.0,1.0,661055
,,,,1.0,1.0,1.0,1.0,661056
,,,,1.0,1.0,1.0,1.0,661057
,,,,1.0,1.0,1.0,1.0,661058
,,,,1.0,1.0,1.0,1.0,664658
,,,,1.0,1.0,1.0,1.0,661059
,,,,1.0,1.0,1.0,1.0,661060
,,,,1.0,1.0,1.0,1.0,661061
,,,,1.0,1.0,1.0,1.0,661062
,,,,1.0,1.0,1.0,1.0,661063
,,,,1.0,1.0,1.0,1.0,661064
,,,,1.0,1.0,1.0,1.0,661065
,,,,1.0,1.0,1.0,1.0,661066
,,,,1.0,1.0,1.0,1.0,661067
,,,,1.0,1.0,1.0,1.0,661068
,,,,1.0,1.0,1.0,1.0,661069
,,,,1.0,1.0,1.0,1.0,664644
,,,,1.0,1.0,1.0,1.0,661070
,,,,1.0,1.0,1.0,1.0,661071
,,,,1.0,1.0,1.0,1.0,661072
,,,,1.0,1.0,1.0,1.0,661073
,,,,1.0,1.0,1.0,1.0,661074
,,,,1.0,1.0,1.0,1.0,661075
,,,,1.0,1.0,1.0,1.0,661076
,,,,1.0,1.0,1.0,1.0,661077
,,,,1.0,1.0,1.0,1.0,661078
,,,,1.0,1.0,1.0,1.0,661079
,,,,1.0,1.0,1.0,1.0,661080
,,,,1.0,1.0,1.0,1.0,661081
,,,,1.0,1.0,1.0,1.0,661082
,,,,1.0,1.0,1.0,1.0,661083
,,,,1.0,1.0,1.0,1.0,661084
,,,,1.0,1.0,1.0,1.0,664646
,,,,1.0,1.0,1.0,1.0,661085
GCF_000855425.1,9392.0,54.0,4.0,0.0,0.0,0.0,0.0,11886
,,,,1.0,1.0,1.0,1.0,2565393
,,,,1.0,1.0,1.0,1.0,2565394
,,,,1.0,1.0,1.0,1.0,2212768
,,,,1.0,1.0,1.0,1.0,2212769
,,,,1.0,1.0,1.0,1.0,2212774
,,,,1.0,1.0,1.0,1.0,2707259
,,,,1.0,1.0,1.0,1.0,1934038
GCA_006083255.1,89091.0,39.0,146.0,0.0,0.0,0.0,0.0,2571168
GCA_006083295.1,88966.0,39.0,148.0,0.0,0.0,0.0,0.0,2571169
GCA_002924565.1,111184.0,39.0,,0.0,0.0,0.0,1.0,2109652
,,,,1.0,1.0,1.0,1.0,2809836
,,,,1.0,1.0,1.0,1.0,2707260
,,,,1.0,1.0,1.0,1.0,2707261
,,,,1.0,1.0,1.0,1.0,2707262
,,,,1.0,1.0,1.0,1.0,2707263
,,,,1.0,1.0,1.0,1.0,2707264
GCF_004131485.1,8071.0,49.5,8.0,0.0,0.0,0.0,0.0,2094713
,,,,1.0,1.0,1.0,1.0,3138952
,,,,1.0,1.0,1.0,1.0,2707265
,,,,1.0,1.0,1.0,1.0,2592521
,,,,1.0,1.0,1.0,1.0,2212776
,,,,1.0,1.0,1.0,1.0,2212779
,,,,1.0,1.0,1.0,1.0,2212780
,,,,1.0,1.0,1.0,1.0,2212781
,,,,1.0,1.0,1.0,1.0,2212784
,,,,1.0,1.0,1.0,1.0,2707266
,,,,1.0,1.0,1.0,1.0,2707267
,,,,1.0,1.0,1.0,1.0,2776968
,,,,1.0,1.0,1.0,1.0,3118410
GCA_024930225.1,26075.0,38.5,,0.0,0.0,0.0,1.0,2671519
GCF_001443985.1,9809.0,55.5,1.0,0.0,0.0,0.0,0.0,1755588
GCF_018583545.1,9471.0,54.5,1.0,0.0,0.0,0.0,0.0,1930506
GCF_000860545.1,11703.0,51.0,4.0,0.0,0.0,0.0,0.0,11034
GCF_000895055.1,26340.0,34.0,23.0,0.0,0.0,0.0,0.0,886980
GCF_018591145.1,2549.0,52.0,2.0,0.0,0.0,0.0,0.0,2715094
,,,,1.0,1.0,1.0,1.0,393049
,,,,1.0,1.0,1.0,1.0,2707268
,,,,1.0,1.0,1.0,1.0,2691031
,,,,1.0,1.0,1.0,1.0,2707269
,,,,1.0,1.0,1.0,1.0,886981
,,,,1.0,1.0,1.0,1.0,886982
,,,,1.0,1.0,1.0,1.0,886983
,,,,1.0,1.0,1.0,1.0,886984
GCF_000868165.1,26083.0,44.5,9.0,0.0,0.0,0.0,0.0,1159906
GCA_031173895.1,25796.0,43.5,9.0,0.0,0.0,0.0,0.0,2219863
,,,,1.0,1.0,1.0,1.0,3138815
,,,,1.0,1.0,1.0,1.0,3134033
,,,,1.0,1.0,1.0,1.0,1884826
,,,,1.0,1.0,1.0,1.0,2171489
,,,,1.0,1.0,1.0,1.0,2928400
,,,,1.0,1.0,1.0,1.0,3074439
,,,,1.0,1.0,1.0,1.0,2489503
,,,,1.0,1.0,1.0,1.0,2707270
,,,,1.0,1.0,1.0,1.0,3106067
,,,,1.0,1.0,1.0,1.0,1638619
GCF_023156065.1,10846.0,37.0,9.0,0.0,0.0,0.0,0.0,2956478
,,,,1.0,1.0,1.0,1.0,2956479
GCF_013088625.1,10821.0,38.5,7.0,0.0,0.0,0.0,0.0,2734404
,,,,1.0,1.0,1.0,1.0,2956481
GCF_023156095.1,10991.0,38.0,7.0,0.0,0.0,0.0,0.0,2956482
GCF_023155965.1,10977.0,39.5,7.0,0.0,0.0,0.0,0.0,2956485
GCF_023156025.1,10773.0,35.5,8.0,0.0,0.0,0.0,0.0,2956483
,,,,1.0,1.0,1.0,1.0,2956484
GCF_000925655.1,11056.0,40.0,7.0,0.0,0.0,0.0,0.0,2734408
,,,,1.0,1.0,1.0,1.0,3064243
,,,,1.0,1.0,1.0,1.0,2717890
,,,,1.0,1.0,1.0,1.0,2815058
,,,,1.0,1.0,1.0,1.0,2794537
,,,,1.0,1.0,1.0,1.0,2815059
,,,,1.0,1.0,1.0,1.0,2707271
,,,,1.0,1.0,1.0,1.0,2815060
,,,,1.0,1.0,1.0,1.0,2814994
,,,,1.0,1.0,1.0,1.0,2794540
,,,,1.0,1.0,1.0,1.0,3042372
,,,,1.0,1.0,1.0,1.0,2707272
GCA_031319925.1,8575.0,51.5,2.0,0.0,0.0,0.0,0.0,2976936
,,,,1.0,1.0,1.0,1.0,2820437
GCA_031308105.1,31334.0,34.0,32.0,0.0,0.0,0.0,0.0,2913659
,,,,1.0,1.0,1.0,1.0,3077833
,,,,1.0,1.0,1.0,1.0,1770233
GCF_000841825.1,7304.0,49.5,6.0,0.0,0.0,0.0,0.0,197772
,,,,1.0,1.0,1.0,1.0,3106068
GCF_000883335.1,26396.0,38.0,9.0,0.0,0.0,0.0,0.0,572290
,,,,1.0,1.0,1.0,1.0,2836148
,,,,1.0,1.0,1.0,1.0,2836149
,,,,1.0,1.0,1.0,1.0,3138950
GCA_031315805.1,2535.0,47.5,,0.0,0.0,0.0,1.0,2963861
GCF_002219325.1,3024.0,43.5,5.0,0.0,0.0,0.0,0.0,2018685
,,,,1.0,1.0,1.0,1.0,2707273
GCF_018580245.1,3649.0,49.0,4.0,0.0,0.0,0.0,0.0,68887
GCA_023571715.1,5261.0,68.5,1.0,0.0,0.0,0.0,0.0,1955172
,,,,1.0,1.0,1.0,1.0,2996228
,,,,1.0,1.0,1.0,1.0,2815061
GCF_000920595.1,7637.0,49.5,7.0,0.0,0.0,0.0,0.0,1921778
GCF_000922895.1,8132.0,48.0,12.0,0.0,0.0,0.0,0.0,1922208
,,,,1.0,1.0,1.0,1.0,70796
,,,,1.0,1.0,1.0,1.0,2707274
,,,,1.0,1.0,1.0,1.0,2691032
,,,,1.0,1.0,1.0,1.0,2707275
GCF_002815915.1,11092.0,43.5,7.0,0.0,0.0,0.0,0.0,1972581
,,,,1.0,1.0,1.0,1.0,2936981
,,,,1.0,1.0,1.0,1.0,2815062
,,,,1.0,1.0,1.0,1.0,2794538
,,,,1.0,1.0,1.0,1.0,2717891
,,,,1.0,1.0,1.0,1.0,2815063
,,,,1.0,1.0,1.0,1.0,2794551
,,,,1.0,1.0,1.0,1.0,2794525
,,,,1.0,1.0,1.0,1.0,2794492
,,,,1.0,1.0,1.0,1.0,2794526
GCF_000857825.1,7003.0,43.5,2.0,0.0,0.0,0.0,0.0,70793
,,,,1.0,1.0,1.0,1.0,298903
,,,,1.0,1.0,1.0,1.0,878330
GCF_000888635.1,45413.0,67.0,37.0,0.0,0.0,0.0,0.0,1146875
GCF_000912195.1,42940.0,48.5,33.0,0.0,0.0,0.0,0.0,1962301
GCF_000913655.1,43686.0,51.5,37.0,0.0,0.0,0.0,0.0,1962302
,,,,1.0,1.0,1.0,1.0,1048870
,,,,1.0,1.0,1.0,1.0,881311
,,,,1.0,1.0,1.0,1.0,881312
,,,,1.0,1.0,1.0,1.0,1494923
,,,,1.0,1.0,1.0,1.0,1819752
,,,,1.0,1.0,1.0,1.0,298333
GCF_001431935.1,188534.0,30.0,171.0,0.0,0.0,0.0,0.0,336486
,,,,1.0,1.0,1.0,1.0,2707276
,,,,1.0,1.0,1.0,1.0,2836004
,,,,1.0,1.0,1.0,1.0,2707277
GCF_000923315.1,19402.0,41.0,10.0,0.0,0.0,0.0,0.0,40060
GCF_013086475.1,11455.0,42.5,4.0,0.0,0.0,0.0,0.0,3052810
,,,,1.0,1.0,1.0,1.0,2707278
GCF_002889695.1,11447.0,50.0,6.0,0.0,0.0,0.0,0.0,11036
,,,,1.0,1.0,1.0,1.0,2707279
,,,,1.0,1.0,1.0,1.0,365612
,,,,1.0,1.0,1.0,1.0,227305
,,,,1.0,1.0,1.0,1.0,285986
,,,,1.0,1.0,1.0,1.0,2992309
,,,,1.0,1.0,1.0,1.0,2776963
,,,,1.0,1.0,1.0,1.0,2715103
,,,,1.0,1.0,1.0,1.0,2707281
GCF_002889215.1,11562.0,48.5,2.0,0.0,0.0,0.0,0.0,11039
,,,,1.0,1.0,1.0,1.0,39725
,,,,1.0,1.0,1.0,1.0,2776964
GCF_000896875.1,26041.0,40.0,8.0,0.0,0.0,0.0,0.0,1159907
,,,,1.0,1.0,1.0,1.0,39725
GCF_029886425.1,1723.0,51.0,2.0,0.0,0.0,0.0,0.0,2873951
GCF_029886435.1,1821.0,48.0,2.0,0.0,0.0,0.0,0.0,2873952
GCF_000895415.1,26227.0,39.5,10.0,0.0,0.0,0.0,0.0,1159908
GCA_031321275.1,3789.0,46.5,,0.0,0.0,0.0,1.0,2986020
GCA_031320975.1,3714.0,39.0,,0.0,0.0,0.0,1.0,2985990
GCA_031321285.1,3393.0,37.5,,0.0,0.0,0.0,1.0,2986021
GCA_031321135.1,3112.0,38.5,,0.0,0.0,0.0,1.0,2986006
GCA_031321295.1,2948.0,44.5,,0.0,0.0,0.0,1.0,2986022
GCA_031321145.1,2885.0,38.0,,0.0,0.0,0.0,1.0,2986007
GCA_031321155.1,2661.0,37.0,,0.0,0.0,0.0,1.0,2986008
GCA_031320985.1,2412.0,43.0,,0.0,0.0,0.0,1.0,2985991
GCA_031320995.1,2388.0,43.0,,0.0,0.0,0.0,1.0,2985992
GCA_031321405.1,2375.0,51.0,,0.0,0.0,0.0,1.0,2986034
GCA_031321305.1,2360.0,46.0,,0.0,0.0,0.0,1.0,2986023
GCA_031321355.1,2327.0,38.5,,0.0,0.0,0.0,1.0,2986028
GCA_031321005.1,2318.0,43.5,,0.0,0.0,0.0,1.0,2985993
GCA_031321365.1,2301.0,46.5,,0.0,0.0,0.0,1.0,2986029
GCA_031321415.1,2232.0,45.5,,0.0,0.0,0.0,1.0,2986035
GCA_031321395.1,2231.0,50.5,,0.0,0.0,0.0,1.0,2986033
GCA_031321385.1,2200.0,51.5,,0.0,0.0,0.0,1.0,2986032
GCA_031321015.1,2197.0,51.0,,0.0,0.0,0.0,1.0,2985994
GCA_031321025.1,2194.0,53.5,,0.0,0.0,0.0,1.0,2985995
GCA_031321315.1,2170.0,45.0,,0.0,0.0,0.0,1.0,2986024
GCA_031321035.1,2155.0,50.0,,0.0,0.0,0.0,1.0,2985996
GCA_031321045.1,2108.0,50.5,,0.0,0.0,0.0,1.0,2985997
GCA_031321375.1,2104.0,44.5,,0.0,0.0,0.0,1.0,2986030
GCA_031321055.1,2090.0,34.0,,0.0,0.0,0.0,1.0,2985998
GCA_031321165.1,2086.0,32.0,,0.0,0.0,0.0,1.0,2986009
GCA_031321325.1,2084.0,42.0,,0.0,0.0,0.0,1.0,2986025
GCA_031321065.1,2037.0,41.5,,0.0,0.0,0.0,1.0,2985999
GCA_031321175.1,2020.0,45.5,,0.0,0.0,0.0,1.0,2986010
GCA_031321185.1,2010.0,46.5,,0.0,0.0,0.0,1.0,2986011
GCA_031321195.1,2004.0,31.5,,0.0,0.0,0.0,1.0,2986012
GCA_031321075.1,1999.0,47.5,,0.0,0.0,0.0,1.0,2986000
GCA_031321205.1,1986.0,39.0,,0.0,0.0,0.0,1.0,2986013
GCA_031321335.1,1981.0,52.0,,0.0,0.0,0.0,1.0,2986026
GCA_031321085.1,1934.0,41.5,,0.0,0.0,0.0,1.0,2986001
GCA_031321215.1,1929.0,37.5,,0.0,0.0,0.0,1.0,2986014
GCA_031321095.1,1920.0,40.0,,0.0,0.0,0.0,1.0,2986002
GCA_031321225.1,1916.0,37.0,,0.0,0.0,0.0,1.0,2986015
GCA_031321105.1,1903.0,42.0,,0.0,0.0,0.0,1.0,2986003
GCA_031321345.1,1865.0,35.5,,0.0,0.0,0.0,1.0,2986027
GCA_031321115.1,1840.0,30.5,,0.0,0.0,0.0,1.0,2986004
GCA_031321235.1,1750.0,42.5,,0.0,0.0,0.0,1.0,2986016
GCA_031321245.1,1726.0,38.0,,0.0,0.0,0.0,1.0,2986017
GCA_031321125.1,1722.0,37.0,,0.0,0.0,0.0,1.0,2986005
GCA_031321255.1,1702.0,37.0,,0.0,0.0,0.0,1.0,2986018
GCA_031321265.1,1665.0,38.5,,0.0,0.0,0.0,1.0,2986019
,,,,1.0,1.0,1.0,1.0,2707282
,,,,1.0,1.0,1.0,1.0,2759604
,,,,1.0,1.0,1.0,1.0,2759414
,,,,1.0,1.0,1.0,1.0,928292
,,,,1.0,1.0,1.0,1.0,1082545
,,,,1.0,1.0,1.0,1.0,3021812
,,,,1.0,1.0,1.0,1.0,3085107
,,,,1.0,1.0,1.0,1.0,3085108
,,,,1.0,1.0,1.0,1.0,142661
,,,,1.0,1.0,1.0,1.0,3004181
,,,,1.0,1.0,1.0,1.0,3004182
GCA_031320685.1,11687.0,52.5,,0.0,0.0,0.0,1.0,2983543
,,,,1.0,1.0,1.0,1.0,3073259
,,,,1.0,1.0,1.0,1.0,3155980
,,,,1.0,1.0,1.0,1.0,3155981
,,,,1.0,1.0,1.0,1.0,3155982
,,,,1.0,1.0,1.0,1.0,3031139
,,,,1.0,1.0,1.0,1.0,3031140
,,,,1.0,1.0,1.0,1.0,3031141
GCA_031281625.1,5133.0,47.5,,0.0,0.0,0.0,1.0,2896467
GCA_031274965.1,2243.0,51.5,,0.0,0.0,0.0,1.0,2878718
,,,,1.0,1.0,1.0,1.0,2707283
,,,,1.0,1.0,1.0,1.0,2707284
,,,,1.0,1.0,1.0,1.0,2707285
,,,,1.0,1.0,1.0,1.0,2707286
,,,,1.0,1.0,1.0,1.0,2707287
,,,,1.0,1.0,1.0,1.0,2707288
GCA_031321475.1,9042.0,41.5,,0.0,0.0,0.0,1.0,2987487
GCA_031275015.1,2216.0,54.0,,0.0,0.0,0.0,1.0,2878719
GCA_031275045.1,2366.0,53.0,,0.0,0.0,0.0,1.0,2878720
,,,,1.0,1.0,1.0,1.0,3074466
,,,,1.0,1.0,1.0,1.0,2707289
,,,,1.0,1.0,1.0,1.0,2707290
,,,,1.0,1.0,1.0,1.0,2875245
,,,,1.0,1.0,1.0,1.0,2875246
,,,,1.0,1.0,1.0,1.0,2875244
GCA_031280485.1,1929.0,34.5,,0.0,0.0,0.0,1.0,2886404
GCA_031280535.1,1933.0,34.5,,0.0,0.0,0.0,1.0,2886405
GCA_031280745.1,2213.0,50.0,,0.0,0.0,0.0,1.0,2886413
GCF_029886335.1,1846.0,39.0,2.0,0.0,0.0,0.0,0.0,2886406
GCA_031280765.1,2195.0,55.5,,0.0,0.0,0.0,1.0,2886414
GCA_031280925.1,2114.0,48.5,,0.0,0.0,0.0,1.0,2886418
GCA_031281065.1,1790.0,44.5,,0.0,0.0,0.0,1.0,2886422
GCA_031280985.1,2083.0,44.5,,0.0,0.0,0.0,1.0,2886419
GCF_029886275.1,1916.0,40.5,2.0,0.0,0.0,0.0,0.0,2886397
GCA_031280835.1,1982.0,48.0,,0.0,0.0,0.0,1.0,2886415
GCA_031281095.1,2573.0,53.5,,0.0,0.0,0.0,1.0,2886423
GCA_031281165.1,2458.0,49.0,,0.0,0.0,0.0,1.0,2886424
GCA_031281185.1,2263.0,45.5,,0.0,0.0,0.0,1.0,2886425
GCA_031280595.1,2215.0,52.0,,0.0,0.0,0.0,1.0,2886408
GCA_031280875.1,2194.0,50.5,,0.0,0.0,0.0,1.0,2886416
GCA_031280605.1,2219.0,48.0,,0.0,0.0,0.0,1.0,2886409
GCA_031281015.1,2224.0,50.0,,0.0,0.0,0.0,1.0,2886420
GCA_031280655.1,2218.0,52.0,,0.0,0.0,0.0,1.0,2886410
,,,,1.0,1.0,1.0,1.0,2886411
GCA_031281355.1,2207.0,52.0,,0.0,0.0,0.0,1.0,2886430
GCA_031281035.1,2212.0,49.5,,0.0,0.0,0.0,1.0,2886421
GCA_031280895.1,2141.0,53.0,,0.0,0.0,0.0,1.0,2886417
GCA_031280735.1,2190.0,54.5,,0.0,0.0,0.0,1.0,2886412
GCA_031281205.1,2094.0,47.5,,0.0,0.0,0.0,1.0,2886426
GCA_031281235.1,2067.0,47.0,,0.0,0.0,0.0,1.0,2886427
GCA_031281295.1,2068.0,50.5,,0.0,0.0,0.0,1.0,2886428
GCF_029886285.1,1939.0,49.0,2.0,0.0,0.0,0.0,0.0,2886398
GCA_031281325.1,1781.0,34.0,,0.0,0.0,0.0,1.0,2886429
GCF_029886295.1,1806.0,38.5,2.0,0.0,0.0,0.0,0.0,2886399
GCF_029886305.1,1882.0,42.0,2.0,0.0,0.0,0.0,0.0,2886400
GCF_029886315.1,1930.0,34.5,2.0,0.0,0.0,0.0,0.0,2886401
GCF_029886325.1,1829.0,39.5,2.0,0.0,0.0,0.0,0.0,2886402
GCA_031280465.1,1914.0,40.5,,0.0,0.0,0.0,1.0,2886403
GCA_031280575.1,2257.0,51.5,,0.0,0.0,0.0,1.0,2886407
,,,,1.0,1.0,1.0,1.0,1344564
,,,,1.0,1.0,1.0,1.0,1344565
,,,,1.0,1.0,1.0,1.0,886985
,,,,1.0,1.0,1.0,1.0,2593122
GCA_031314345.1,1745.0,47.5,2.0,0.0,0.0,0.0,0.0,2945983
GCA_031321585.1,8368.0,52.0,2.0,0.0,0.0,0.0,0.0,2992313
,,,,1.0,1.0,1.0,1.0,2115844
,,,,1.0,1.0,1.0,1.0,1856564
GCA_024750155.1,35938.0,55.0,15.0,0.0,0.0,0.0,0.0,10535
,,,,1.0,1.0,1.0,1.0,11309
